Ticker,Date,Open,High,Low,Close,Adj Close,Volume
ABNB,1/18/2022,156.910004,160.789993,153.869995,154.690002,154.690002,5775400
ABNB,1/19/2022,157,160.229996,154.440002,154.580002,154.580002,5127400
ABNB,1/20/2022,157.807999,165.199997,157.350006,158,158,4941900
ABNB,1/21/2022,156.815002,160.199997,152.410004,156.729996,156.729996,7242300
ABNB,1/24/2022,150,151.160004,135.759995,147.899994,147.899994,14606600
ABNB,1/25/2022,143.899994,147.380005,140.130005,144.559998,144.559998,5704900
ABNB,1/26/2022,149.285004,152.399994,140.041,142.139999,142.139999,6990300
ABNB,1/27/2022,143.479996,145.548004,137.919998,138.410004,138.410004,4493800
ABNB,1/28/2022,138.544998,143.110001,134.373993,142.770004,142.770004,5604400
ABNB,1/31/2022,144.802994,153.970001,143.809998,153.970001,153.970001,5463000
ABNB,2/1/2022,155.350006,157.389999,152.5,156.940002,156.940002,3799300
ABNB,2/2/2022,156.313004,156.509995,150.712006,151.759995,151.759995,3678300
ABNB,2/3/2022,147.970001,152.179993,146.679993,149.570007,149.570007,4577100
ABNB,2/4/2022,150.139999,157.240005,150,155.559998,155.559998,4687700
ABNB,2/7/2022,156.789993,160.880005,155.949997,157.910004,157.910004,4690700
ABNB,2/8/2022,154,163.078995,153.440002,162.259995,162.259995,4309100
ABNB,2/9/2022,165.369995,170.070007,165.080002,169.529999,169.529999,4868300
ABNB,2/10/2022,165.244995,177.059998,165.244995,171.949997,171.949997,8261400
ABNB,2/11/2022,175.309006,176.740005,164.830002,166.529999,166.529999,6464400
ABNB,2/14/2022,166.630005,171.800003,165.029999,169.660004,169.660004,4847600
ABNB,2/15/2022,172.919998,180.632004,172.75,180.070007,180.070007,11733900
ABNB,2/16/2022,178.294998,191.729996,178,186.639999,186.639999,22252900
ABNB,2/17/2022,184.899994,188.979996,181.539993,183.600006,183.600006,7779200
ABNB,2/18/2022,180.259995,182.660004,173.619995,174.899994,174.899994,8848800
ABNB,2/22/2022,172.130005,176.380005,161.320007,165.240005,165.240005,8392600
ABNB,2/23/2022,165.929993,166.654999,149.850006,150.039993,150.039993,9778500
ABNB,2/24/2022,141.300003,158.960007,141.179993,158.259995,158.259995,10354600
ABNB,2/25/2022,159.259995,159.449997,152.910004,155.089996,155.089996,6173200
ABNB,2/28/2022,155.024994,155.095993,148.300003,151.490005,151.490005,11078500
ABNB,3/1/2022,150.529999,154.220001,149.949997,151.009995,151.009995,5165800
ABNB,3/2/2022,152.479996,158.080002,151.889999,157.529999,157.529999,5028300
ABNB,3/3/2022,158.330002,159.220001,150.990005,151.690002,151.690002,4045800
ABNB,3/4/2022,150.770004,151.889999,140.460007,142.699997,142.699997,8390800
ABNB,3/7/2022,145,145.270004,131.520004,131.589996,131.589996,9177300
ABNB,3/8/2022,131.630005,144.470001,131.5,142.130005,142.130005,9587000
ABNB,3/9/2022,145.429993,150.990005,145.330002,148.309998,148.309998,7023900
ABNB,3/10/2022,145.220001,152.889999,144.408997,151.800003,151.800003,5302500
ABNB,3/11/2022,154.130005,155,145,145.139999,145.139999,4577300
ABNB,3/14/2022,143.410004,144.669998,136.039993,138.5,138.5,6330200
ABNB,3/15/2022,140,144.729996,138.320007,143.949997,143.949997,5488700
ABNB,3/16/2022,148.145004,156.979996,146.309998,155.75,155.75,7105400
ABNB,3/17/2022,153.789993,157.600006,151.050003,157.550003,157.550003,5031700
ABNB,3/18/2022,156.070007,167.179993,155.699997,167,167,8467500
ABNB,3/21/2022,164.570007,165.949997,159,161.800003,161.800003,4584400
ABNB,3/22/2022,163.610001,168.175003,162,166.440002,166.440002,4099900
ABNB,3/23/2022,163.639999,166.889999,162.880005,164.160004,164.160004,2814300
ABNB,3/24/2022,164.809998,171,162.667999,170.830002,170.830002,4223500
ABNB,3/25/2022,169.940002,170.610001,164.134003,167.220001,167.220001,2952300
ABNB,3/28/2022,167.220001,168.718994,162.429993,167.649994,167.649994,3829800
ABNB,3/29/2022,172.110001,178.880005,171.809998,175.520004,175.520004,5452800
ABNB,3/30/2022,173.130997,176.820007,172.020004,173.630005,173.630005,3707400
ABNB,3/31/2022,173.539993,176.149994,171.164001,171.759995,171.759995,3232200
ABNB,4/1/2022,173.059998,177.940002,172.229996,173.070007,173.070007,3644900
ABNB,4/4/2022,175.020004,177.020004,172.585007,177.020004,177.020004,3495700
ABNB,4/5/2022,177.190002,179.089996,170.119995,171.210007,171.210007,4065000
ABNB,4/6/2022,167.050003,168.770004,161.580002,164.660004,164.660004,4287700
ABNB,4/7/2022,163.190002,167.860001,161.710007,165.910004,165.910004,4146600
ABNB,4/8/2022,162.520004,164.899994,159.350006,162.559998,162.559998,3448400
ABNB,4/11/2022,159.839996,163.570007,157.410004,160.25,160.25,3877200
ABNB,4/12/2022,163.699997,166.110001,157.279999,160.110001,160.110001,4113000
ABNB,4/13/2022,160.839996,172.960007,160.649994,171.850006,171.850006,7211900
ABNB,4/14/2022,171.660004,174.639999,170.294998,170.699997,170.699997,5125100
ABNB,4/18/2022,169.270004,170.119995,164.350006,165.740005,165.740005,3339900
ABNB,4/19/2022,165.740005,170.820007,165.710007,170.119995,170.119995,2857100
ABNB,4/20/2022,172.610001,172.610001,164.309998,164.550003,164.550003,3997900
ABNB,4/21/2022,168.979996,170.929993,156.679993,157.910004,157.910004,4714600
ABNB,4/22/2022,157.839996,161.669998,154.779999,156.089996,156.089996,3863400
ABNB,4/25/2022,154.330002,159.789993,152.100006,158.389999,158.389999,3868100
ABNB,4/26/2022,158.399994,159.199997,152.800003,153.039993,153.039993,4075000
ABNB,4/27/2022,153.820007,157.300003,150.440002,152.229996,152.229996,4826000
ABNB,4/28/2022,154.009995,161.255005,153.660004,159.740005,159.740005,4854500
ABNB,4/29/2022,158.880005,163.240005,153,153.210007,153.210007,4033100
ABNB,5/2/2022,153.210007,155.130005,147.210999,152.779999,152.779999,5945300
ABNB,5/3/2022,154.089996,154.490005,141.580002,145,145,16774700
ABNB,5/4/2022,152.550003,158.740005,145.871994,156.179993,156.179993,20598100
ABNB,5/5/2022,152.190002,153.880005,140.858002,143.089996,143.089996,11367200
ABNB,5/6/2022,142.699997,143.110001,133.039993,135.839996,135.839996,9573100
ABNB,5/9/2022,131.759995,131.884995,118.830002,119.370003,119.370003,14430900
ABNB,5/10/2022,122.949997,123.459999,113.529999,116.129997,116.129997,13638500
ABNB,5/11/2022,114.529999,123.769997,112.366997,116.150002,116.150002,13661400
ABNB,5/12/2022,113.660004,120.489998,111.220001,115.940002,115.940002,9264300
ABNB,5/13/2022,119.959999,123.290001,118.82,121.449997,121.449997,8595400
ABNB,5/16/2022,121,121.07,113.25,114.440002,114.440002,7588400
ABNB,5/17/2022,119.970001,120.18,114.510002,117.5,117.5,6962900
ABNB,5/18/2022,116.110001,117.040001,107.620003,108.029999,108.029999,9718700
ABNB,5/19/2022,108.18,116.349998,107.449997,114.169998,114.169998,8926600
ABNB,5/20/2022,115.459999,116.25,108.5,112.550003,112.550003,6961900
ABNB,5/23/2022,113.544998,115.150002,110.93,113.279999,113.279999,6000800
ABNB,5/24/2022,111.279999,111.419998,103.740997,106.239998,106.239998,6415800
ABNB,5/25/2022,105.889999,111.940002,104.970001,110.400002,110.400002,6203300
ABNB,5/26/2022,109.739998,115.550003,108.110001,114.300003,114.300003,6883200
ABNB,5/27/2022,116,120.699997,115.769997,120.5,120.5,7391500
ABNB,5/31/2022,120.5,122.299004,117.160004,120.870003,120.870003,9117600
ABNB,6/1/2022,121.050003,121.073997,114.394997,116.720001,116.720001,6879600
ABNB,6/2/2022,117.129997,123,116.269997,121.260002,121.260002,5166200
ABNB,6/3/2022,118.070999,121.5,117.559998,119.830002,119.830002,4584600
ABNB,6/6/2022,123.330002,124.18,119.919998,122.019997,122.019997,4160200
ABNB,6/7/2022,119.760002,123.912003,119.120003,122.900002,122.900002,3331200
ABNB,6/8/2022,121.43,125.510002,121.230003,123.769997,123.769997,3775600
ABNB,6/9/2022,122.309998,122.980003,115.419998,115.720001,115.720001,5315900
ABNB,6/10/2022,111.800003,115.129997,108.32,108.910004,108.910004,6936900
ABNB,6/13/2022,102.849998,105.330002,98.360001,98.93,98.93,9587300
ABNB,6/14/2022,99.540001,101.349998,97.200996,98.870003,98.870003,5915300
ABNB,6/15/2022,100.019997,103.650002,98.919998,101.470001,101.470001,6260400
ABNB,6/16/2022,96.190002,97.5,92.089996,93.260002,93.260002,9435700
ABNB,6/17/2022,93.529999,100.610001,93.529999,99.489998,99.489998,11293100
ABNB,6/21/2022,102.690002,104.889,101.620003,102.269997,102.269997,6532700
ABNB,6/22/2022,99,102.5,98.720001,99.529999,99.529999,8986000
ABNB,6/23/2022,100,100.800003,93.019997,95.720001,95.720001,12340800
ABNB,6/24/2022,97.519997,104.18,96.330002,103.510002,103.510002,28797400
ABNB,6/27/2022,103.959999,104.169998,99.330002,101.5,101.5,7352100
ABNB,6/28/2022,103.339996,105.449997,97.089996,97.529999,97.529999,7744100
ABNB,6/29/2022,96.830002,97,92.050003,93.93,93.93,6522600
ABNB,6/30/2022,92.489998,92.910004,86.709999,89.080002,89.080002,9007800
ABNB,7/1/2022,89.089996,91.459999,87.43,91.410004,91.410004,5995400
ABNB,7/5/2022,88.879997,96.010002,86.75,95.940002,95.940002,7648500
ABNB,7/6/2022,95.290001,96.169998,91.800003,92.879997,92.879997,5703000
ABNB,7/7/2022,93.660004,97.550003,92.160004,97.5,97.5,7480500
ABNB,7/8/2022,96.230003,98.120003,93.241997,97.349998,97.349998,5669500
ABNB,7/11/2022,96,97.089996,93.269997,95.099998,95.099998,6041400
ABNB,7/12/2022,95.300003,97.685997,93.32,96.550003,96.550003,4170200
ABNB,7/13/2022,93.75,96.588997,91.610001,95.639999,95.639999,6967800
ABNB,7/14/2022,94.279999,94.580002,90.169998,91.050003,91.050003,8334600
ABNB,7/15/2022,92.550003,95.650002,90.660004,94.660004,94.660004,7497200
ABNB,7/18/2022,96.779999,101.879997,95.980003,97.669998,97.669998,7171500
ABNB,7/19/2022,99.699997,102.709999,98.760002,102.199997,102.199997,5603800
ABNB,7/20/2022,103.110001,108.919998,102.75,107.730003,107.730003,6834100
ABNB,7/21/2022,106.980003,108.5,104.410004,108.139999,108.139999,4284900
ABNB,7/22/2022,108.309998,110.099998,102.93,103.970001,103.970001,4243900
ABNB,7/25/2022,103.779999,105.260002,101.478996,104.949997,104.949997,3142900
ABNB,7/26/2022,102.379997,103.629997,101.099998,101.910004,101.910004,4191000
ABNB,7/27/2022,105.790001,107.985001,104.059998,107.360001,107.360001,5362700
ABNB,7/28/2022,108.169998,110.059998,104.68,108.839996,108.839996,4471900
ABNB,7/29/2022,108.195,111.160004,107.110001,110.980003,110.980003,4637800
ABNB,8/1/2022,110,113.959999,107.480003,111.199997,111.199997,6019500
ABNB,8/2/2022,111.669998,117.779999,111.099998,116.339996,116.339996,15208200
ABNB,8/3/2022,108.224998,115.57,107.650002,115.019997,115.019997,23354900
ABNB,8/4/2022,114.309998,119.239998,114.254997,119.220001,119.220001,9180300
ABNB,8/5/2022,115.519997,118.870003,114.82,117.110001,117.110001,6495000
ABNB,8/8/2022,118.154999,119.639999,115.43,115.82,115.82,5382900
ABNB,8/9/2022,115,115.669998,112.800003,114.440002,114.440002,4201200
ABNB,8/10/2022,119.330002,120.339996,116.300003,118.730003,118.730003,5529000
ABNB,8/11/2022,121.300003,127.089996,120.959999,121.5,121.5,8110100
ABNB,8/12/2022,122.800003,125,121.120003,124.510002,124.510002,5012500
ABNB,8/15/2022,123.550003,126.434998,123.199997,126.040001,126.040001,4884700
ABNB,8/16/2022,124.230003,125.419998,122.620003,124.18,124.18,4370700
ABNB,8/17/2022,121.629997,123.269997,120.639999,121.870003,121.870003,4336200
ABNB,8/18/2022,121.5,122.199997,120.279999,121.269997,121.269997,3373900
ABNB,8/19/2022,118.184998,119.220001,114.099998,114.760002,114.760002,5288800
ABNB,8/22/2022,110.360001,114.227997,109.970001,111.389999,111.389999,6057400
ABNB,8/23/2022,112.410004,114.019997,111.410004,111.599998,111.599998,5447200
ABNB,8/24/2022,110.93,115.57,110.839996,114.510002,114.510002,3634000
ABNB,8/25/2022,115.889999,117.949997,115.419998,117.029999,117.029999,4021600
ABNB,8/26/2022,117.059998,118.269997,112.779999,112.82,112.82,3778700
ABNB,8/29/2022,111.769997,115.800003,111.529999,113.540001,113.540001,4620600
ABNB,8/30/2022,114.5,116.019997,110.440002,112.559998,112.559998,4507200
ABNB,8/31/2022,113.489998,115.580002,112.400002,113.120003,113.120003,6191600
ABNB,9/1/2022,111.099998,114.080002,108.169998,113.400002,113.400002,5661500
ABNB,9/2/2022,114.32,116.459999,112.330002,113.639999,113.639999,4121700
ABNB,9/6/2022,114.089996,114.519997,110.5,113.699997,113.699997,4067100
ABNB,9/7/2022,112.849998,116.440002,112.709999,116.07,116.07,4619300
ABNB,9/8/2022,114,119.347,114,118.580002,118.580002,4064000
ABNB,9/9/2022,120.017998,123.709999,119.900002,123.480003,123.480003,5413300
ABNB,9/12/2022,124.25,127.239998,123.785004,124.790001,124.790001,6993300
ABNB,9/13/2022,119.699997,123.860001,119.050003,121.540001,121.540001,7126500
ABNB,9/14/2022,121.629997,127,119.510002,126.800003,126.800003,5690100
ABNB,9/15/2022,125.290001,129.380005,124.279999,125.040001,125.040001,6606100
ABNB,9/16/2022,121.110001,122.260002,117.589996,118.75,118.75,13704400
ABNB,9/19/2022,116.870003,119.779999,116.470001,118.779999,118.779999,4715400
ABNB,9/20/2022,117.93,121.660004,116.620003,116.709999,116.709999,5610900
ABNB,9/21/2022,116.370003,119.330002,112.360001,114.010002,114.010002,6898700
ABNB,9/22/2022,112.669998,113.720001,103.260002,103.720001,103.720001,8399400
ABNB,9/23/2022,102.199997,103.18,99.709999,101.75,101.75,6245600
ABNB,9/26/2022,101.779999,105.360001,101.559998,103.230003,103.230003,5278800
ABNB,9/27/2022,106.040001,108.169998,104.139999,106.370003,106.370003,5081000
ABNB,9/28/2022,106.700996,111.129997,105.779999,110.690002,110.690002,4518200
ABNB,9/29/2022,109.190002,109.474998,105.169998,106.660004,106.660004,4259500
ABNB,9/30/2022,104.760002,109.080002,104.730003,105.040001,105.040001,4750600
ABNB,10/3/2022,105.489998,106.349998,102.18,105,105,6208900
ABNB,10/4/2022,109.139999,111.610001,108.68,110.809998,110.809998,4835000
ABNB,10/5/2022,110.519997,112.339996,107.839996,111.760002,111.760002,4008700
ABNB,10/6/2022,112,114.410004,110.199997,111.580002,111.580002,3446500
ABNB,10/7/2022,108.870003,109.531998,107.099998,108.540001,108.540001,3352700
ABNB,10/10/2022,108.550003,111.620003,107.410004,110.989998,110.989998,3945200
ABNB,10/11/2022,110.987999,111,103.595001,106.82,106.82,5696700
ABNB,10/12/2022,107.470001,112.980003,106.110001,112.349998,112.349998,5547500
ABNB,10/13/2022,107.300003,113.129997,105.300003,112.650002,112.650002,6172500
ABNB,10/14/2022,115,116.447998,109.010002,109.160004,109.160004,5001700
ABNB,10/17/2022,112.330002,116.760002,111.029999,116.5,116.5,5423900
ABNB,10/18/2022,120.029999,120.709999,115.699997,117.940002,117.940002,5580000
ABNB,10/19/2022,116.235001,118.839996,115.300003,116.870003,116.870003,3408900
ABNB,10/20/2022,116.349998,120.559998,116,117,117,3962200
ABNB,10/21/2022,116.760002,120.339996,114.639999,119.949997,119.949997,4146100
ABNB,10/24/2022,118.330002,119.07,112.823997,116.389999,116.389999,4452800
ABNB,10/25/2022,115.370003,119.379997,112.629997,118.449997,118.449997,6278900
ABNB,10/26/2022,117,119.910004,114.970001,115.309998,115.309998,4263100
ABNB,10/27/2022,116.050003,116.370003,111.925003,112.059998,112.059998,4594000
ABNB,10/28/2022,111.190002,115.25,110.389999,115.209999,115.209999,4757300
ABNB,10/31/2022,113.059998,113.800003,106.669998,106.910004,106.910004,10733800
ABNB,11/1/2022,110.964996,113.099998,108,109.050003,109.050003,15979800
ABNB,11/2/2022,102.644997,104.980003,94.25,94.410004,94.410004,29191400
ABNB,11/3/2022,94.080002,95.309998,91.272003,92.019997,92.019997,10099300
ABNB,11/4/2022,94.995003,96.160004,92.010002,96.089996,96.089996,9717400
ABNB,11/7/2022,96.760002,97.25,93.279999,95.459999,95.459999,7972700
ABNB,11/8/2022,95.529999,101.918999,94.269997,98.900002,98.900002,7829400
ABNB,11/9/2022,97.75,99.089996,95.150002,95.790001,95.790001,4650900
ABNB,11/10/2022,100.910004,102.5,99.040001,102.400002,102.400002,7343000
ABNB,11/11/2022,103.449997,109.769997,102.160004,109.57,109.57,6864400
ABNB,11/14/2022,107.739998,108.690002,105.040001,105.160004,105.160004,4951400
ABNB,11/15/2022,109.269997,111.235001,106.599998,107.010002,107.010002,5357400
ABNB,11/16/2022,107.699997,107.699997,104.379997,104.43,104.43,3681800
ABNB,11/17/2022,101.830002,101.980003,98.849998,99.300003,99.300003,5181200
ABNB,11/18/2022,100.839996,100.839996,96.599998,97.769997,97.769997,5913100
ABNB,11/21/2022,97.010002,97.849998,93.919998,95.709999,95.709999,5145700
ABNB,11/22/2022,93.529999,95.370003,92.980003,95.279999,95.279999,5951600
ABNB,11/23/2022,95.559998,97.050003,94.339996,96.629997,96.629997,4337600
ABNB,11/25/2022,96.970001,98.830002,96.760002,97.669998,97.669998,2245100
ABNB,11/28/2022,97,98.32,94.809998,95.300003,95.300003,5133900
ABNB,11/29/2022,96.099998,97.260002,95.300003,95.379997,95.379997,3694000
ABNB,11/30/2022,95.860001,102.25,95.720001,102.139999,102.139999,8387500
ABNB,12/1/2022,101.489998,102.760002,99.550003,101.269997,101.269997,5040300
ABNB,12/2/2022,99.25,101.739998,98.970001,101,101,4128600
ABNB,12/5/2022,100,101.169998,98.040001,98.510002,98.510002,3601500
ABNB,12/6/2022,98.25,98.5,91.900002,93.120003,93.120003,8380900
ABNB,12/7/2022,88.805,91.669998,86.879997,91.5,91.5,12640500
ABNB,12/8/2022,92.970001,95.610001,91.75,94.830002,94.830002,6115700
ABNB,12/9/2022,93.839996,96.667999,93.239998,94.699997,94.699997,4405800
ABNB,12/12/2022,93.760002,95.959999,93.489998,95.580002,95.580002,4664100
ABNB,12/13/2022,100.370003,100.650002,93.120003,93.339996,93.339996,7378900
ABNB,12/14/2022,93.540001,95.260002,91.209999,93.93,93.93,6737800
ABNB,12/15/2022,91.519997,92.709999,89.519997,90.610001,90.610001,5332000
ABNB,12/16/2022,89.860001,91.290001,88.559998,89.57,89.57,6830200
ABNB,12/19/2022,89.510002,89.760002,85.400002,85.93,85.93,4717100
ABNB,12/20/2022,86.709999,90.860001,86.519997,87.620003,87.620003,7325800
ABNB,12/21/2022,87.489998,88.790001,86.589996,87.07,87.07,5594800
ABNB,12/22/2022,85.540001,86.089996,82.580002,84.870003,84.870003,5643100
ABNB,12/23/2022,84.699997,85.510002,83.5,85.25,85.25,3057700
ABNB,12/27/2022,84.779999,84.93,82.830002,83.489998,83.489998,3982400
ABNB,12/28/2022,83.25,84.25,81.910004,82.489998,82.489998,4931700
ABNB,12/29/2022,82.970001,85.559998,82.290001,85.230003,85.230003,4031300
ABNB,12/30/2022,83.610001,86.059998,83.599998,85.5,85.5,3362600
ABNB,1/3/2023,87.385002,88.139999,84.300003,84.900002,84.900002,3901200
ABNB,1/4/2023,85.889999,88.839996,84.790001,88.720001,88.720001,4817100
ABNB,1/5/2023,88.480003,88.5,86.75,87.709999,87.709999,3419000
ABNB,1/6/2023,88.519997,88.739998,85.709999,88.519997,88.519997,4344200
ABNB,1/9/2023,90.254997,92.050003,88.879997,89.239998,89.239998,4319400
ABNB,1/10/2023,88.860001,89.620003,86.75,88.540001,88.540001,4165600
ABNB,1/11/2023,89,94.830002,88.863998,94.440002,94.440002,7718900
ABNB,1/12/2023,95.309998,98.949997,94.019997,98.489998,98.489998,7695200
ABNB,1/13/2023,97.5,100.699997,97.419998,100.370003,100.370003,6513500
DOCU,1/18/2022,128,131.850006,125.199997,127.309998,127.309998,3631400
DOCU,1/19/2022,127.809998,132.050003,126.690002,126.989998,126.989998,3157600
DOCU,1/20/2022,129.279999,132.880005,123.709999,124.440002,124.440002,3399900
DOCU,1/21/2022,122.448997,122.959999,115.519997,116.129997,116.129997,6697000
DOCU,1/24/2022,111.589996,122.230003,108.059998,121.830002,121.830002,9032900
DOCU,1/25/2022,120,122.209999,114.550003,117.800003,117.800003,5011800
DOCU,1/26/2022,121.889999,123.690002,113.209999,114.330002,114.330002,5579800
DOCU,1/27/2022,116.376999,119.669998,110.290001,110.690002,110.690002,5476900
DOCU,1/28/2022,111.970001,117.470001,109.519997,117.290001,117.290001,3907500
DOCU,1/31/2022,118.25,125.919998,118,125.769997,125.769997,4268000
DOCU,2/1/2022,127.589996,128.294006,123.559998,127.5,127.5,2688300
DOCU,2/2/2022,127.290001,127.290001,120.059998,121.57,121.57,3664000
DOCU,2/3/2022,118.059998,120.290001,113.739998,114.239998,114.239998,3351400
DOCU,2/4/2022,114.43,119.870003,113.849998,118.459999,118.459999,3661400
DOCU,2/7/2022,118.510002,123.339996,118.139999,118.410004,118.410004,3041600
DOCU,2/8/2022,117.139999,122.360001,116.5,121.870003,121.870003,3186100
DOCU,2/9/2022,123.904999,128.279999,121.599998,128.160004,128.160004,3712200
DOCU,2/10/2022,124.5,131.906998,123.199997,127.220001,127.220001,3967200
DOCU,2/11/2022,127.400002,129.050003,121.18,122.480003,122.480003,2905100
DOCU,2/14/2022,122.629997,125.110001,120.410004,120.779999,120.779999,2628700
DOCU,2/15/2022,123.599998,125.93,121.349998,125.57,125.57,1952600
DOCU,2/16/2022,123.150002,123.919998,118.510002,120.139999,120.139999,3459800
DOCU,2/17/2022,118.610001,120.610001,114.190002,115,115,3190600
DOCU,2/18/2022,115,116.110001,109.279999,110.279999,110.279999,4304300
DOCU,2/22/2022,108.040001,114.5,108.019997,110.989998,110.989998,3990200
DOCU,2/23/2022,112.010002,112.339996,106.309998,106.349998,106.349998,2576800
DOCU,2/24/2022,101.120003,113.980003,100,113.559998,113.559998,4761100
DOCU,2/25/2022,114.445,115.220001,109.690002,115.07,115.07,3924300
DOCU,2/28/2022,114.540001,118.919998,114.150002,118.43,118.43,4859200
DOCU,3/1/2022,117.550003,123.5,117.019997,117.900002,117.900002,3841300
DOCU,3/2/2022,117.959999,118.150002,109.519997,114.400002,114.400002,4833700
DOCU,3/3/2022,115.900002,115.900002,107.5,108.660004,108.660004,3760000
DOCU,3/4/2022,108.699997,110.365997,101.199997,101.379997,101.379997,5271600
DOCU,3/7/2022,102.269997,103.739998,95.049004,95.059998,95.059998,6581000
DOCU,3/8/2022,95,96.959999,90.900002,91.980003,91.980003,5917100
DOCU,3/9/2022,95.949997,100.239998,95.489998,98.050003,98.050003,5176800
DOCU,3/10/2022,94.910004,96,91.919998,93.879997,93.879997,11519600
DOCU,3/11/2022,76.699997,77.809998,71,75.010002,75.010002,44966800
DOCU,3/14/2022,73.169998,75.735001,71.790001,73.239998,73.239998,11239900
DOCU,3/15/2022,73.300003,77.190002,72.519997,76.639999,76.639999,8366200
DOCU,3/16/2022,78.349998,83.459999,77.769997,83.169998,83.169998,10955100
DOCU,3/17/2022,82.739998,88.040001,82.25,87.260002,87.260002,6891500
DOCU,3/18/2022,88.279999,96.970001,88.269997,95.510002,95.510002,11799300
DOCU,3/21/2022,94.209999,100.059998,93.010002,95.860001,95.860001,8118700
DOCU,3/22/2022,94.120003,102.050003,94,99.449997,99.449997,5869500
DOCU,3/23/2022,98.169998,102.610001,94.724998,100.169998,100.169998,6228800
DOCU,3/24/2022,101.089996,104.699997,98.139,104.550003,104.550003,6654300
DOCU,3/25/2022,104.220001,104.459999,98.370003,100.449997,100.449997,6001200
DOCU,3/28/2022,100.900002,105.050003,98.809998,104.669998,104.669998,5170000
DOCU,3/29/2022,106.470001,111.989998,104.099998,111.239998,111.239998,6306600
DOCU,3/30/2022,109.260002,111.739998,106.629997,107.949997,107.949997,4429000
DOCU,3/31/2022,107.080002,109.899002,105.650002,107.120003,107.120003,4000300
DOCU,4/1/2022,107,111.470001,106.699997,108.629997,108.629997,4242400
DOCU,4/4/2022,109.639999,113.669998,108.699997,112.279999,112.279999,3467700
DOCU,4/5/2022,111.300003,113,106.379997,107.370003,107.370003,4110300
DOCU,4/6/2022,105.650002,105.940002,100.809998,102.699997,102.699997,5946300
DOCU,4/7/2022,102.239998,105.498001,100.010002,102.720001,102.720001,4207300
DOCU,4/8/2022,101.839996,104.940002,100.589996,101.949997,101.949997,3902500
DOCU,4/11/2022,100.239998,102.875,97.18,101.709999,101.709999,3262200
DOCU,4/12/2022,103.519997,105.410004,97.629997,98.760002,98.760002,3658200
DOCU,4/13/2022,98.5,105.050003,97.989998,104.559998,104.559998,3634000
DOCU,4/14/2022,104.449997,104.93,99.230003,99.529999,99.529999,2987600
DOCU,4/18/2022,99.139999,99.239998,93.839996,96.32,96.32,3870900
DOCU,4/19/2022,95.910004,102.940002,94.610001,102.029999,102.029999,4051800
DOCU,4/20/2022,101.730003,101.870003,92.370003,92.739998,92.739998,4841700
DOCU,4/21/2022,94.809998,96.199997,86.75,87.419998,87.419998,4749400
DOCU,4/22/2022,88.040001,90.370003,84.709999,86.330002,86.330002,3777800
DOCU,4/25/2022,85.349998,91.07,85.190002,89.949997,89.949997,3722600
DOCU,4/26/2022,89.150002,89.669998,84.080002,84.389999,84.389999,4242600
DOCU,4/27/2022,84.330002,86.580002,81.129997,82.709999,82.709999,3561900
DOCU,4/28/2022,83.910004,86.739998,80.630997,85.370003,85.370003,3888900
DOCU,4/29/2022,84.559998,87.551003,80.889999,81,81,2877500
DOCU,5/2/2022,80.730003,86,80.445,85.830002,85.830002,3291500
DOCU,5/3/2022,81.364998,86.75,81.085999,83.940002,83.940002,3567800
DOCU,5/4/2022,84.699997,88.580002,79.099998,88.510002,88.510002,4250200
DOCU,5/5/2022,86.860001,86.860001,79.160004,80.93,80.93,3479000
DOCU,5/6/2022,79.779999,80.019997,74.139999,74.57,74.57,4415500
DOCU,5/9/2022,72.470001,73.839996,67.922997,68.629997,68.629997,5426100
DOCU,5/10/2022,71.099998,73,66,70.290001,70.290001,6019000
DOCU,5/11/2022,69.739998,73.019997,67.019997,67.599998,67.599998,6200400
DOCU,5/12/2022,65.739998,72.150002,64.839996,69.839996,69.839996,5274900
DOCU,5/13/2022,72.660004,80.779999,72.510002,79.169998,79.169998,6171500
DOCU,5/16/2022,77.300003,79.779999,74.18,74.489998,74.489998,3522500
DOCU,5/17/2022,76.760002,79.57,72.139999,75.25,75.25,5004500
DOCU,5/18/2022,73.879997,76.120003,71.910004,72.760002,72.760002,2963200
DOCU,5/19/2022,73.599998,80.160004,72.550003,78.18,78.18,5308600
DOCU,5/20/2022,79.639999,80.949997,72.839996,76.75,76.75,4609800
DOCU,5/23/2022,76.580002,78.330002,74.470001,78.269997,78.269997,2787700
DOCU,5/24/2022,76.940002,77.169998,69.785004,71.730003,71.730003,4320100
DOCU,5/25/2022,71.129997,78.769997,71.129997,77.699997,77.699997,3867200
DOCU,5/26/2022,76.5,81.879997,75.93,80.809998,80.809998,3546800
DOCU,5/27/2022,81.620003,86.660004,81.620003,86.239998,86.239998,3413700
DOCU,5/31/2022,86.239998,87.262001,82,83.910004,83.910004,5292400
DOCU,6/1/2022,85.32,87.440002,81.279999,82.120003,82.120003,2369800
DOCU,6/2/2022,82.239998,88.279999,81.800003,87.629997,87.629997,2785800
DOCU,6/3/2022,84.529999,86.129997,82.775002,83.779999,83.779999,2569800
DOCU,6/6/2022,86.040001,87.610001,82.639999,84.260002,84.260002,2283800
DOCU,6/7/2022,82.449997,88.029999,82.160004,87.739998,87.739998,3520100
DOCU,6/8/2022,90,92.040001,88.709999,90.099998,90.099998,5663700
DOCU,6/9/2022,89.440002,91.674004,87.330002,87.360001,87.360001,12549200
DOCU,6/10/2022,66.5,69.849998,64.300003,65.93,65.93,41703600
DOCU,6/13/2022,62.5,63.299999,58,59.119999,59.119999,14979900
DOCU,6/14/2022,59.98,60.330002,57.139999,57.279999,57.279999,7000300
DOCU,6/15/2022,57.82,61.619999,57.32,60.470001,60.470001,8909300
DOCU,6/16/2022,57.792,59.240002,55.959999,56.810001,56.810001,7732300
DOCU,6/17/2022,56.419998,61.450001,56.419998,60.549999,60.549999,6518700
DOCU,6/21/2022,60.759998,63.41,59.48,59.549999,59.549999,7079200
DOCU,6/22/2022,59.25,63.380001,58.521999,62.049999,62.049999,5174600
DOCU,6/23/2022,62.790001,66.050003,61.775002,65.699997,65.699997,6007700
DOCU,6/24/2022,66.389999,69.75,66.050003,68.75,68.75,7682300
DOCU,6/27/2022,69.529999,70.709999,66.029999,66.190002,66.190002,4660500
DOCU,6/28/2022,65.504997,66.830002,61.419998,61.669998,61.669998,4355600
DOCU,6/29/2022,61.610001,62.32,60.349998,61.040001,61.040001,3353100
DOCU,6/30/2022,60.48,60.48,55.860001,57.380001,57.380001,5064700
DOCU,7/1/2022,58,61.509998,57,61.220001,61.220001,7465200
DOCU,7/5/2022,60.41,65.660004,59.450001,65.32,65.32,4804100
DOCU,7/6/2022,65.599998,66.940002,63.341,64.089996,64.089996,3549200
DOCU,7/7/2022,63.834999,68.400002,63.834999,67.449997,67.449997,5482700
DOCU,7/8/2022,66.199997,68.388,65.370003,66.449997,66.449997,3067600
DOCU,7/11/2022,65.980003,66.080002,62.542,63.110001,63.110001,3386300
DOCU,7/12/2022,63.540001,65.669998,61.610001,62.799999,62.799999,3010700
DOCU,7/13/2022,60.57,63.349998,59.5,61.700001,61.700001,3143800
DOCU,7/14/2022,61.330002,61.799999,58.790001,60.23,60.23,2523100
DOCU,7/15/2022,61.5,63.869999,60.34,63.43,63.43,3563600
DOCU,7/18/2022,64.981003,65.559998,61.75,62.060001,62.060001,2959000
DOCU,7/19/2022,63.240002,64.18,61,64.07,64.07,3212000
DOCU,7/20/2022,64.870003,68.75,64.400002,67.660004,67.660004,4196300
DOCU,7/21/2022,65.029999,68,64.830002,67.480003,67.480003,3672600
DOCU,7/22/2022,67.32,68.949997,63.400002,64.449997,64.449997,3170400
DOCU,7/25/2022,64.129997,64.129997,61.509998,63.400002,63.400002,2437800
DOCU,7/26/2022,63.41,63.41,59.880001,60.209999,60.209999,2963800
DOCU,7/27/2022,61.875,64.599998,61.029999,64.269997,64.269997,2835900
DOCU,7/28/2022,64.07,65.150002,61.41,64.389999,64.389999,2400200
DOCU,7/29/2022,64.279999,64.279999,62.057999,63.98,63.98,2761900
DOCU,8/1/2022,63.310001,66.699997,62.580002,65.510002,65.510002,2857600
DOCU,8/2/2022,64.019997,67.480003,63.98,67.010002,67.010002,2322200
DOCU,8/3/2022,67.830002,71.339996,67.760002,71.120003,71.120003,3186700
DOCU,8/4/2022,70.389999,71.660004,69.18,71.190002,71.190002,1939800
DOCU,8/5/2022,70.019997,72.900002,69.019997,72.339996,72.339996,2549700
DOCU,8/8/2022,72.690002,77.239998,72.599998,74.32,74.32,3528100
DOCU,8/9/2022,72.959999,73.989998,69.449997,69.989998,69.989998,3397800
DOCU,8/10/2022,73.919998,75.800003,73.089996,75.389999,75.389999,3217800
DOCU,8/11/2022,77.150002,77.190002,71.870003,72.339996,72.339996,3026700
DOCU,8/12/2022,73.440002,74.769997,71.400002,74.339996,74.339996,3355300
DOCU,8/15/2022,74.150002,76.260002,73.599998,75.849998,75.849998,2428900
DOCU,8/16/2022,75,75.809998,72.25,73.769997,73.769997,2994100
DOCU,8/17/2022,72.099998,72.417,69.07,69.589996,69.589996,2781300
DOCU,8/18/2022,69.910004,70.099998,68.690002,69.75,69.75,2027900
DOCU,8/19/2022,67.720001,68.190002,65.75,65.919998,65.919998,2756200
DOCU,8/22/2022,63.200001,64.669998,62.615002,63.060001,63.060001,3252000
DOCU,8/23/2022,62.810001,63.5,60.779999,61.040001,61.040001,4615600
DOCU,8/24/2022,61.25,62.400002,60.57,60.950001,60.950001,3395700
DOCU,8/25/2022,61.490002,62.740002,60.279999,61.939999,61.939999,2685800
DOCU,8/26/2022,61.279999,61.48,57.419998,58.02,58.02,4519500
DOCU,8/29/2022,57.720001,60.139999,57.240002,58,58,2816600
DOCU,8/30/2022,58.439999,59.433998,56.919998,58.57,58.57,2942900
DOCU,8/31/2022,59.549999,60.240002,57.669998,58.220001,58.220001,2667200
DOCU,9/1/2022,57.18,57.389999,53.700001,55.700001,55.700001,4224500
DOCU,9/2/2022,56.66,57.040001,53.990002,54.450001,54.450001,3090400
DOCU,9/6/2022,54.639999,55.209999,53.25,53.799999,53.799999,4603000
DOCU,9/7/2022,53.799999,55.450001,53.25,55.139999,55.139999,4890700
DOCU,9/8/2022,54.099998,58.009998,53.369999,57.950001,57.950001,10469100
DOCU,9/9/2022,65.809998,66.374001,61.75,64.040001,64.040001,34919600
DOCU,9/12/2022,64.610001,67.349998,64.260002,65.660004,65.660004,10186900
DOCU,9/13/2022,62.5,63.290001,60.779999,60.93,60.93,6616200
DOCU,9/14/2022,60.650002,61.310001,59.740002,60.549999,60.549999,4098700
DOCU,9/15/2022,59.57,62.75,59,60.279999,60.279999,5922500
DOCU,9/16/2022,58.5,58.93,55.610001,56.580002,56.580002,6918500
DOCU,9/19/2022,56.014999,57.330002,55.5,56.48,56.48,4592800
DOCU,9/20/2022,55.549999,56.91,55.014999,55.540001,55.540001,3358600
DOCU,9/21/2022,55.740002,57.668999,54.549999,54.599998,54.599998,3746400
DOCU,9/22/2022,53.560001,54.650002,52.529999,54,54,5433400
DOCU,9/23/2022,53.720001,54.490002,51.119999,52.389999,52.389999,6805100
DOCU,9/26/2022,52.75,54.599998,51.619999,51.669998,51.669998,3619100
DOCU,9/27/2022,52.860001,54.099998,52.009998,52.630001,52.630001,3718500
DOCU,9/28/2022,53.400002,55.66,53.400002,55.310001,55.310001,4991500
DOCU,9/29/2022,53.619999,55.459999,53.580002,55.200001,55.200001,3993600
DOCU,9/30/2022,55.48,56.630001,53.34,53.470001,53.470001,4579900
DOCU,10/3/2022,51.369999,53.645,51.290001,52.93,52.93,6321800
DOCU,10/4/2022,54.689999,56.625,54.637001,55.880001,55.880001,5022600
DOCU,10/5/2022,54.43,54.57,51.91,53.889999,53.889999,4277900
DOCU,10/6/2022,53.799999,54.540001,51.509998,51.57,51.57,5664000
DOCU,10/7/2022,50.080002,50.330002,47.700001,47.830002,47.830002,6643800
DOCU,10/10/2022,48.009998,48.200001,45.669998,46.27,46.27,5469500
DOCU,10/11/2022,46.110001,46.384998,44.200001,44.540001,44.540001,4077500
DOCU,10/12/2022,44.93,45.710999,43.349998,45.349998,45.349998,5807700
DOCU,10/13/2022,42.869999,46.98,42.130001,46.200001,46.200001,5309600
DOCU,10/14/2022,47.145,47.470001,43.950001,44,44,3368600
DOCU,10/17/2022,46.040001,47.599998,45.459999,46.16,46.16,4876300
DOCU,10/18/2022,48.439999,49.41,46.904999,48.490002,48.490002,7559300
DOCU,10/19/2022,47.880001,48.27,46.039001,46.549999,46.549999,3496100
DOCU,10/20/2022,46.77,47.950001,46.049999,46.66,46.66,4157400
DOCU,10/21/2022,46.029999,48.009998,44.799999,47.810001,47.810001,4236100
DOCU,10/24/2022,48.009998,48.509998,46.029999,48.470001,48.470001,3932200
DOCU,10/25/2022,49.060001,50.619999,49.060001,50.23,50.23,4135700
DOCU,10/26/2022,48.950001,51.099998,48.458,48.990002,48.990002,4865400
DOCU,10/27/2022,49.57,50.549999,48.02,48.240002,48.240002,2699400
DOCU,10/28/2022,48.09,48.799999,47,48.73,48.73,2906800
DOCU,10/31/2022,48.189999,49.040001,47.630001,48.299999,48.299999,2414000
DOCU,11/1/2022,49.73,50.25,47.529999,47.889999,47.889999,3593500
DOCU,11/2/2022,47.799999,47.810001,43.150002,43.16,43.16,5023000
DOCU,11/3/2022,42.830002,44.105,42.209999,42.43,42.43,3750100
DOCU,11/4/2022,43,43.369999,39.630001,40.860001,40.860001,6499700
DOCU,11/7/2022,41.18,42.764999,40.150002,42.509998,42.509998,4789300
DOCU,11/8/2022,42.91,43.18,40.560001,41.200001,41.200001,5691200
DOCU,11/9/2022,40.5,40.645,39.57,39.799999,39.799999,4452600
DOCU,11/10/2022,42.82,45.560001,42.814999,45.5,45.5,5793900
DOCU,11/11/2022,46.029999,53.049999,45.470001,53,53,10930900
DOCU,11/14/2022,52.32,53.310001,51.400002,51.549999,51.549999,5823800
DOCU,11/15/2022,53.740002,54.325001,51.661999,53.32,53.32,5118000
DOCU,11/16/2022,52.02,52.183998,49.130001,49.549999,49.549999,3715600
DOCU,11/17/2022,47.939999,48.27,46.816002,47.439999,47.439999,3085600
DOCU,11/18/2022,48.549999,48.549999,45.560001,46,46,2745900
DOCU,11/21/2022,45.389999,45.41,43.049999,44.18,44.18,3438100
DOCU,11/22/2022,43.799999,43.970001,42.299999,43.860001,43.860001,3666300
DOCU,11/23/2022,43.810001,46.685001,43.209999,46.349998,46.349998,3408500
DOCU,11/25/2022,46.049999,46.060001,44.950001,46.029999,46.029999,1558100
DOCU,11/28/2022,45.599998,47.889999,45.599998,45.790001,45.790001,4017600
DOCU,11/29/2022,46,46.630001,44.23,44.560001,44.560001,2973900
DOCU,11/30/2022,44.459999,47.544998,43.950001,47.07,47.07,4442700
DOCU,12/1/2022,46.669998,49.599998,46.669998,48.290001,48.290001,3756300
DOCU,12/2/2022,46.119999,47.119999,45.32,46.599998,46.599998,2984300
DOCU,12/5/2022,45.75,46.153999,42.299999,42.439999,42.439999,5552800
DOCU,12/6/2022,42.41,42.630001,40.759998,41.830002,41.830002,4696100
DOCU,12/7/2022,41.98,42.740002,41.27,42.080002,42.080002,3494000
DOCU,12/8/2022,42.380001,44.400002,41.380001,43.75,43.75,11822800
DOCU,12/9/2022,47.529999,51.310001,46.880001,49.16,49.16,30213500
DOCU,12/12/2022,49.959999,54.16,49.700001,54.07,54.07,16590600
DOCU,12/13/2022,57.5,58.880001,55.91,58.029999,58.029999,15410900
DOCU,12/14/2022,57.950001,61.599998,57.84,59.549999,59.549999,12958700
DOCU,12/15/2022,58.5,59.369999,55.400002,56.310001,56.310001,9560000
DOCU,12/16/2022,55.490002,56.790001,54.41,56.27,56.27,16893500
DOCU,12/19/2022,56.009998,56.450001,53.349998,54.220001,54.220001,8237700
DOCU,12/20/2022,53.48,54.779999,52.07,54.099998,54.099998,6735400
DOCU,12/21/2022,53.860001,56.919998,53.5,56.580002,56.580002,5342900
DOCU,12/22/2022,54.970001,56.220001,52.950001,54.240002,54.240002,4445600
DOCU,12/23/2022,53.529999,53.919998,51.91,53.900002,53.900002,3278300
DOCU,12/27/2022,53.139999,53.465,51.48,52.419998,52.419998,3748700
DOCU,12/28/2022,52.139999,53.5,51.73,52.77,52.77,3360900
DOCU,12/29/2022,53.700001,55.869999,53.5,55.75,55.75,4467400
DOCU,12/30/2022,54.012001,55.75,54,55.419998,55.419998,3501000
DOCU,1/3/2023,56.435001,57.900002,55.630001,56.75,56.75,5576000
DOCU,1/4/2023,57.91,59.09,56.09,56.27,56.27,4059700
DOCU,1/5/2023,57.32,57.43,53.900002,53.93,53.93,4595600
DOCU,1/6/2023,54.165001,54.91,52.169998,54.540001,54.540001,3911800
DOCU,1/9/2023,55.450001,57.25,55.34,56.509998,56.509998,5135700
DOCU,1/10/2023,55.25,58.599998,55.241001,58.049999,58.049999,5714100
DOCU,1/11/2023,58.040001,60.091,57.419998,59.599998,59.599998,4309700
DOCU,1/12/2023,59.91,60.5,57.75,58.700001,58.700001,4635200
DOCU,1/13/2023,57.834999,58.849998,57.279999,58.34,58.34,2937900
SNAP,1/18/2022,36.98,36.985001,35.619999,35.700001,35.700001,37008100
SNAP,1/19/2022,36.029999,36.48,34.759998,35.049999,35.049999,23942000
SNAP,1/20/2022,35.799999,37.105,34.915001,34.990002,34.990002,21672700
SNAP,1/21/2022,34,34.619999,32,32.119999,32.119999,37648400
SNAP,1/24/2022,30.16,31.809999,28.02,31.799999,31.799999,46502200
SNAP,1/25/2022,31.01,32.09,30.084999,30.66,30.66,26893800
SNAP,1/26/2022,31.379999,31.91,28.16,28.629999,28.629999,35467300
SNAP,1/27/2022,29.629999,30.67,28.17,28.299999,28.299999,35331900
SNAP,1/28/2022,28.629999,30.48,28.129999,30.42,30.42,28380500
SNAP,1/31/2022,30.65,32.630001,30.65,32.540001,32.540001,25872900
SNAP,2/1/2022,34.130001,34.200001,32.209999,33.66,33.66,28108900
SNAP,2/2/2022,34.150002,34.244999,31.73,32.07,32.07,41654600
SNAP,2/3/2022,25.74,26.49,24.32,24.5,24.5,149336000
SNAP,2/4/2022,35.27,40.650002,34.099998,38.91,38.91,308602500
SNAP,2/7/2022,38.509998,39.59,37.52,37.880001,37.880001,96743300
SNAP,2/8/2022,35.509998,37.759998,34.869999,37.560001,37.560001,85621100
SNAP,2/9/2022,37.740002,40.330002,37.110001,40.279999,40.279999,67166800
SNAP,2/10/2022,38.509998,41.970001,38.505001,40.619999,40.619999,65264300
SNAP,2/11/2022,40.380001,41.970001,39.07,39.490002,39.490002,42826900
SNAP,2/14/2022,39.959999,41.889999,39.5,39.619999,39.619999,37579800
SNAP,2/15/2022,40.16,41.459999,39.939999,41.43,41.43,26091600
SNAP,2/16/2022,38.959999,40.599998,38.959999,40.009998,40.009998,35643500
SNAP,2/17/2022,40.450001,40.82,39.169998,39.450001,39.450001,24624400
SNAP,2/18/2022,39.610001,40.400002,37.939999,38.009998,38.009998,23064200
SNAP,2/22/2022,37.75,38.470001,36.369999,36.869999,36.869999,25433100
SNAP,2/23/2022,37.189999,38.150002,36.16,36.98,36.98,24429900
SNAP,2/24/2022,34.950001,39.049999,34.950001,38.830002,38.830002,26703600
SNAP,2/25/2022,38.84,39.564999,38.099998,39.150002,39.150002,19173500
SNAP,2/28/2022,39.490002,40.959999,38.84,39.939999,39.939999,23393000
SNAP,3/1/2022,39.810001,41.32,37.459999,37.84,37.84,28341900
SNAP,3/2/2022,38.119999,38.119999,35.75,37.369999,37.369999,30985500
SNAP,3/3/2022,37.299999,37.419998,35.009998,35.66,35.66,23087700
SNAP,3/4/2022,36.389999,36.720001,32.889999,33.09,33.09,22212700
SNAP,3/7/2022,33.150002,33.34,30.190001,30.219999,30.219999,32356700
SNAP,3/8/2022,30.01,32.720001,29.58,31.219999,31.219999,28109600
SNAP,3/9/2022,32,34.23,31.780001,33.68,33.68,26986400
SNAP,3/10/2022,32.75,32.759998,31.059999,31.74,31.74,21145700
SNAP,3/11/2022,32.380001,32.41,29.745001,30.049999,30.049999,23181900
SNAP,3/14/2022,29.530001,30.139999,27.67,28,28,32917800
SNAP,3/15/2022,28.85,30.158001,28.576,29.58,29.58,38242700
SNAP,3/16/2022,30.860001,32.619999,30.23,32.560001,32.560001,34041900
SNAP,3/17/2022,31.17,34.32,30.92,33.970001,33.970001,25439800
SNAP,3/18/2022,33.209999,36.029999,33.02,36,36,28400200
SNAP,3/21/2022,35.490002,35.77,34.200001,35.169998,35.169998,19114700
SNAP,3/22/2022,35.200001,36.919998,34.970001,36.240002,36.240002,24395100
SNAP,3/23/2022,35.689999,37.189999,35.119999,35.880001,35.880001,16911400
SNAP,3/24/2022,36.209999,37.07,35.18,37.049999,37.049999,16601200
SNAP,3/25/2022,37.049999,37.25,34.75,35.400002,35.400002,22761600
SNAP,3/28/2022,35.209999,36.619999,34.860001,36.23,36.23,15152400
SNAP,3/29/2022,36.73,38.27,36.330002,37.869999,37.869999,18989200
SNAP,3/30/2022,37.549999,38.299999,36.5,36.84,36.84,16516200
SNAP,3/31/2022,36.75,36.869999,35.764999,35.990002,35.990002,15777700
SNAP,4/1/2022,36.200001,38.599998,36.200001,37.389999,37.389999,25281500
SNAP,4/4/2022,38.25,39.57,37.369999,39.34,39.34,25402800
SNAP,4/5/2022,39.5,39.799999,37.82,38.25,38.25,22261200
SNAP,4/6/2022,37.369999,37.740002,35.639999,36.470001,36.470001,21554000
SNAP,4/7/2022,36.389999,37.299999,34.580002,36.25,36.25,21490400
SNAP,4/8/2022,35.880001,36.830002,35.41,35.669998,35.669998,21718400
SNAP,4/11/2022,34.650002,35.75,34.053001,34.400002,34.400002,20890400
SNAP,4/12/2022,34.720001,35.950001,33.189999,33.57,33.57,19538500
SNAP,4/13/2022,33.66,34.919998,33.34,34.68,34.68,18160800
SNAP,4/14/2022,35.349998,35.389999,33.169998,33.189999,33.189999,17741900
SNAP,4/18/2022,33.189999,33.349998,31.6,32.639999,32.639999,22468100
SNAP,4/19/2022,32.369999,34.240002,32.32,33.630001,33.630001,29558200
SNAP,4/20/2022,32.93,33.18,30.700001,30.76,30.76,38448300
SNAP,4/21/2022,31.365,31.75,28.754999,29.42,29.42,69311500
SNAP,4/22/2022,28.67,31.209999,28.559999,29.76,29.76,77506100
SNAP,4/25/2022,29.280001,30.790001,28.91,29.91,29.91,42647800
SNAP,4/26/2022,29.52,29.719999,28.15,28.690001,28.690001,34701800
SNAP,4/27/2022,27.969999,28.99,26.559999,27.09,27.09,40794900
SNAP,4/28/2022,27.91,28.959999,26.440001,28.809999,28.809999,44665200
SNAP,4/29/2022,29.07,30.370001,28.4,28.459999,28.459999,39033200
SNAP,5/2/2022,28.26,29.540001,28.059999,29.52,29.52,23474700
SNAP,5/3/2022,29.41,29.73,28.475,28.93,28.93,24795100
SNAP,5/4/2022,28.85,30.190001,27.195,30.16,30.16,30175400
SNAP,5/5/2022,29.65,29.65,26.940001,27.27,27.27,27859000
SNAP,5/6/2022,27.110001,27.200001,24.809999,24.92,24.92,31983200
SNAP,5/9/2022,24.98,25.120001,23.18,23.389999,23.389999,31604500
SNAP,5/10/2022,24.01,24.09,22,22.889999,22.889999,36436100
SNAP,5/11/2022,22.809999,23.875,21.700001,21.84,21.84,35183400
SNAP,5/12/2022,21.540001,23.795,20.950001,22.77,22.77,37016200
SNAP,5/13/2022,23.32,24.799999,23.200001,24.75,24.75,35684700
SNAP,5/16/2022,24.290001,24.700001,23.34,23.42,23.42,25171900
SNAP,5/17/2022,24.084999,24.705,23.33,24.540001,24.540001,28441000
SNAP,5/18/2022,24.049999,24.754,22.645,22.73,22.73,29460400
SNAP,5/19/2022,22.73,23.74,22.280001,23.200001,23.200001,30700800
SNAP,5/20/2022,23.59,24.155001,22.295,23.26,23.26,29598700
SNAP,5/23/2022,23.309999,23.309999,21.709999,22.469999,22.469999,43386300
SNAP,5/24/2022,14.49,14.57,12.55,12.79,12.79,286479900
SNAP,5/25/2022,12.91,14.57,12.86,14.16,14.16,162922300
SNAP,5/26/2022,13.75,14.94,13.63,14.81,14.81,80386400
SNAP,5/27/2022,14.85,15.635,14.61,15.58,15.58,66159100
SNAP,5/31/2022,15.37,15.42,14.09,14.11,14.11,98324800
SNAP,6/1/2022,14.11,14.71,13.48,13.93,13.93,80420400
SNAP,6/2/2022,13.54,15.12,13.54,14.9,14.9,58591000
SNAP,6/3/2022,14.59,14.87,14.2,14.49,14.49,34347400
SNAP,6/6/2022,14.61,15.4,13.88,15.15,15.15,64278200
SNAP,6/7/2022,14.81,15.48,14.702,15.28,15.28,36646900
SNAP,6/8/2022,15.4,15.87,15.14,15.17,15.17,36326100
SNAP,6/9/2022,15.26,15.26,14.06,14.1,14.1,36895100
SNAP,6/10/2022,13.83,13.97,13.15,13.28,13.28,42426800
SNAP,6/13/2022,12.84,13.02,11.92,12.02,12.02,43722300
SNAP,6/14/2022,12.08,12.52,11.9,11.91,11.91,40211400
SNAP,6/15/2022,11.98,13.43,11.88,13.2,13.2,59075900
SNAP,6/16/2022,12.65,12.781,12.14,12.22,12.22,38525000
SNAP,6/17/2022,12.32,12.62,12.03,12.42,12.42,48608000
SNAP,6/21/2022,12.47,13.24,12.32,12.85,12.85,37130600
SNAP,6/22/2022,12.63,13.49,12.58,13.08,13.08,31227400
SNAP,6/23/2022,13.16,14,13.03,13.94,13.94,32057800
SNAP,6/24/2022,14.11,14.72,13.98,14.7,14.7,37302200
SNAP,6/27/2022,15.11,15.28,14.38,14.56,14.56,29269400
SNAP,6/28/2022,14.36,14.79,13.7,13.73,13.73,24383600
SNAP,6/29/2022,13.76,13.98,13.355,13.96,13.96,25595800
SNAP,6/30/2022,13.73,13.78,12.83,13.13,13.13,32767200
SNAP,7/1/2022,13.18,13.46,12.8,13.17,13.17,23318900
SNAP,7/5/2022,12.97,14.4,12.657,14.38,14.38,28813100
SNAP,7/6/2022,14.35,14.61,14.06,14.28,14.28,23266300
SNAP,7/7/2022,14.4,15.115,14.28,15.1,15.1,25460900
SNAP,7/8/2022,14.75,15.3,14.61,14.96,14.96,21290700
SNAP,7/11/2022,14.59,14.84,14,14.06,14.06,21485300
SNAP,7/12/2022,14.24,14.59,13.76,14.04,14.04,24850900
SNAP,7/13/2022,13.74,14.245,13.42,13.83,13.83,24333700
SNAP,7/14/2022,13.79,13.87,13.15,13.17,13.17,24256700
SNAP,7/15/2022,13.5,14.09,13.45,13.65,13.65,38346800
SNAP,7/18/2022,13.87,14.545,13.8,13.92,13.92,44254900
SNAP,7/19/2022,13.97,14.22,13.46,14.15,14.15,34902400
SNAP,7/20/2022,14.52,15.64,14.41,15.51,15.51,47768400
SNAP,7/21/2022,15.54,16.545,15.47,16.35,16.35,116754700
SNAP,7/22/2022,11.1,11.11,9.91,9.96,9.96,330993900
SNAP,7/25/2022,9.73,10.13,9.66,9.95,9.95,137819200
SNAP,7/26/2022,9.78,9.93,9.63,9.63,9.63,94591200
SNAP,7/27/2022,9.71,9.84,9.38,9.55,9.55,120729300
SNAP,7/28/2022,9.55,9.92,9.34,9.67,9.67,97531200
SNAP,7/29/2022,9.67,9.93,9.47,9.88,9.88,74531400
SNAP,8/1/2022,9.81,9.82,9.5,9.54,9.54,50125600
SNAP,8/2/2022,9.55,10.13,9.51,9.87,9.87,66355600
SNAP,8/3/2022,9.92,10.49,9.92,10.32,10.32,61691400
SNAP,8/4/2022,10.33,10.56,10.1,10.25,10.25,48278000
SNAP,8/5/2022,10.08,10.35,9.98,10.18,10.18,37576000
SNAP,8/8/2022,10.25,10.8,10.17,10.41,10.41,49276000
SNAP,8/9/2022,10.24,10.295,10.02,10.16,10.16,33603600
SNAP,8/10/2022,10.46,10.87,10.4,10.57,10.57,50989800
SNAP,8/11/2022,10.84,11.8,10.82,11.11,11.11,67196000
SNAP,8/12/2022,11.31,11.64,11.13,11.62,11.62,40840900
SNAP,8/15/2022,11.61,12.388,11.56,12.24,12.24,63880300
SNAP,8/16/2022,12.4,12.73,12,12.61,12.61,67364900
SNAP,8/17/2022,12.25,12.32,11.64,12.09,12.09,69571300
SNAP,8/18/2022,12.02,12.78,11.83,12.56,12.56,62750400
SNAP,8/19/2022,12.2,12.255,11.51,11.56,11.56,46401000
SNAP,8/22/2022,11.04,11.35,10.89,11.01,11.01,41173200
SNAP,8/23/2022,11.025,11.16,10.54,10.6,10.6,34913700
SNAP,8/24/2022,10.68,11.02,10.63,10.86,10.86,27794600
SNAP,8/25/2022,11.03,11.24,10.8,11.21,11.21,31252700
SNAP,8/26/2022,11.23,11.34,10.56,10.67,10.67,35219500
SNAP,8/29/2022,10.485,10.825,10.27,10.27,10.27,29417500
SNAP,8/30/2022,10.43,10.59,9.85,10.01,10.01,59438200
SNAP,8/31/2022,11.25,11.6,10.2,10.88,10.88,199520700
SNAP,9/1/2022,10.94,11.67,10.78,11.64,11.64,80012400
SNAP,9/2/2022,11.75,11.78,11.18,11.22,11.22,45734900
SNAP,9/6/2022,11.27,11.28,10.67,10.77,10.77,38114800
SNAP,9/7/2022,10.82,11.66,10.7,11.46,11.46,59443000
SNAP,9/8/2022,11.32,12.68,11.31,12.53,12.53,84685200
SNAP,9/9/2022,12.45,12.91,12.36,12.65,12.65,54592100
SNAP,9/12/2022,12.69,12.94,12.44,12.65,12.65,32375100
SNAP,9/13/2022,11.95,12.17,11.575,11.77,11.77,34931400
SNAP,9/14/2022,11.66,11.721,11.27,11.52,11.52,32801200
SNAP,9/15/2022,11.43,12.25,11.31,11.9,11.9,46012500
SNAP,9/16/2022,11.7,11.7,11.27,11.3,11.3,42384900
SNAP,9/19/2022,11.13,11.41,10.901,11.35,11.35,32212500
SNAP,9/20/2022,11.19,11.38,11.01,11.12,11.12,25296300
SNAP,9/21/2022,11.21,11.488,10.835,10.85,10.85,30721600
SNAP,9/22/2022,10.85,11,10.35,10.46,10.46,28336800
SNAP,9/23/2022,10.32,10.555,10.15,10.32,10.32,24400300
SNAP,9/26/2022,10.3,10.6,10.1,10.18,10.18,23510800
SNAP,9/27/2022,10.36,10.73,10.19,10.45,10.45,22067400
SNAP,9/28/2022,10.42,10.79,10.4,10.76,10.76,18536700
SNAP,9/29/2022,10.54,10.61,10,10.19,10.19,22950000
SNAP,9/30/2022,10.16,10.33,9.805,9.82,9.82,29121900
SNAP,10/3/2022,9.96,10.03,9.42,9.98,9.98,27802800
SNAP,10/4/2022,10.3,10.82,10.25,10.82,10.82,34439900
SNAP,10/5/2022,10.85,11.22,10.57,11.2,11.2,28942000
SNAP,10/6/2022,11.3,11.85,11.27,11.35,11.35,31833700
SNAP,10/7/2022,10.98,11.08,10.505,10.66,10.66,22935500
SNAP,10/10/2022,10.62,10.655,10.325,10.41,10.41,19463800
SNAP,10/11/2022,10.37,10.6,9.83,10.31,10.31,32994200
SNAP,10/12/2022,10.3,10.555,10.01,10.51,10.51,31567900
SNAP,10/13/2022,10.08,10.65,9.63,10.58,10.58,40447900
SNAP,10/14/2022,10.83,11.02,9.97,9.99,9.99,27464100
SNAP,10/17/2022,10.28,10.88,10.27,10.59,10.59,40747300
SNAP,10/18/2022,10.96,11.135,10.54,10.6,10.6,38453900
SNAP,10/19/2022,10.82,11.395,10.66,10.86,10.86,52275600
SNAP,10/20/2022,10.9,11.36,10.62,10.79,10.79,125477800
SNAP,10/21/2022,7.76,8.15,7.33,7.76,7.76,244675900
SNAP,10/24/2022,7.58,8.57,7.49,8.31,8.31,161717500
SNAP,10/25/2022,8.3,9.8,8.26,9.6,9.6,142016400
SNAP,10/26/2022,9.3,10.04,9.26,9.58,9.58,104527900
SNAP,10/27/2022,9.57,9.85,9.35,9.56,9.56,80704000
SNAP,10/28/2022,9.65,10.1,9.6,10.08,10.08,54030300
SNAP,10/31/2022,10.04,10.325,9.7,9.91,9.91,33479300
SNAP,11/1/2022,10.23,10.65,9.8,10.25,10.25,78222300
SNAP,11/2/2022,10.26,10.3,9.51,9.54,9.54,53841400
SNAP,11/3/2022,9.4,9.54,9.13,9.16,9.16,32201600
SNAP,11/4/2022,9.34,9.43,8.88,9.14,9.14,33927000
SNAP,11/7/2022,9.4,10.02,9.34,10.01,10.01,37936000
SNAP,11/8/2022,10.01,10.3,9.82,10.28,10.28,33869900
SNAP,11/9/2022,10.25,10.25,9.33,9.56,9.56,34557800
SNAP,11/10/2022,10.06,10.83,9.77,10.73,10.73,54710900
SNAP,11/11/2022,10.7,11.82,10.53,11.58,11.58,51036900
SNAP,11/14/2022,11.45,11.65,11.2,11.29,11.29,31516900
SNAP,11/15/2022,11.76,11.96,11.47,11.78,11.78,41978100
SNAP,11/16/2022,11.6,11.775,11,11.07,11.07,31818300
SNAP,11/17/2022,10.75,11.02,10.67,10.92,10.92,18704300
SNAP,11/18/2022,11.06,11.12,10.5,10.52,10.52,23502600
SNAP,11/21/2022,10.41,10.45,9.84,9.96,9.96,28990800
SNAP,11/22/2022,9.97,10,9.702,9.91,9.91,25742800
SNAP,11/23/2022,9.98,10.48,9.92,10.32,10.32,21053700
SNAP,11/25/2022,10.14,10.37,10.115,10.18,10.18,8242500
SNAP,11/28/2022,10.08,10.135,9.75,9.84,9.84,25103600
SNAP,11/29/2022,9.89,9.987,9.73,9.82,9.82,15519600
SNAP,11/30/2022,9.84,10.32,9.65,10.31,10.31,45284300
SNAP,12/1/2022,10.31,11.07,10.27,10.87,10.87,46607900
SNAP,12/2/2022,10.535,10.75,10.32,10.5,10.5,32239400
SNAP,12/5/2022,10.41,10.69,10.04,10.1,10.1,19332900
SNAP,12/6/2022,10.07,10.07,9.15,9.42,9.42,43349600
SNAP,12/7/2022,9.36,9.63,9.29,9.3,9.3,26051600
SNAP,12/8/2022,9.49,9.74,9.35,9.4,9.4,17794000
SNAP,12/9/2022,9.16,9.618,9.01,9.45,9.45,19248300
SNAP,12/12/2022,9.47,9.69,9.26,9.46,9.46,25264900
SNAP,12/13/2022,9.94,10.19,9.4,9.41,9.41,51002000
SNAP,12/14/2022,9.44,9.915,9.33,9.54,9.54,30008700
SNAP,12/15/2022,9.16,9.2,8.58,8.76,8.76,49291700
SNAP,12/16/2022,8.79,9.01,8.36,8.47,8.47,32739500
SNAP,12/19/2022,8.4,8.45,8.13,8.19,8.19,20680500
SNAP,12/20/2022,8.09,8.51,8.05,8.21,8.21,19249900
SNAP,12/21/2022,8.26,8.69,8.14,8.64,8.64,24570700
SNAP,12/22/2022,8.45,8.7,8.22,8.68,8.68,29282000
SNAP,12/23/2022,8.67,8.76,8.505,8.58,8.58,16986000
SNAP,12/27/2022,8.4,8.69,8.265,8.56,8.56,26829300
SNAP,12/28/2022,8.44,8.709,8.39,8.55,8.55,18172700
SNAP,12/29/2022,8.635,8.96,8.53,8.81,8.81,30669900
SNAP,12/30/2022,8.57,8.95,8.521,8.95,8.95,16241200
SNAP,1/3/2023,9.15,9.28,8.69,8.85,8.85,15548400
SNAP,1/4/2023,9.15,9.31,9,9.3,9.3,26092700
SNAP,1/5/2023,9.15,9.37,8.92,9.14,9.14,21044000
SNAP,1/6/2023,9.22,9.445,8.9,9.22,9.22,24429000
SNAP,1/9/2023,9.39,9.52,9.2,9.2,9.2,16666200
SNAP,1/10/2023,9.12,9.438,9.09,9.42,9.42,18594100
SNAP,1/11/2023,9.46,9.75,9.3,9.66,9.66,24151800
SNAP,1/12/2023,9.75,9.91,9.355,9.64,9.64,21738600
SNAP,1/13/2023,9.5,9.815,9.4,9.8,9.8,16034700
UBER,1/18/2022,40.959999,40.959999,38.369999,38.41,38.41,36873700
UBER,1/19/2022,38.209999,38.889999,37.115002,37.860001,37.860001,35552500
UBER,1/20/2022,38.290001,39.639999,37.75,37.82,37.82,21720100
UBER,1/21/2022,37.41,37.599998,35.845001,35.939999,35.939999,41836800
UBER,1/24/2022,34.91,36.419998,33.509998,36.279999,36.279999,49261600
UBER,1/25/2022,35.470001,36.09,34.514999,34.82,34.82,29577000
UBER,1/26/2022,36.07,36.68,34.450001,34.799999,34.799999,29495900
UBER,1/27/2022,35.369999,35.790001,33.939999,34.09,34.09,26086700
UBER,1/28/2022,34.169998,35.220001,32.810001,35.209999,35.209999,28007100
UBER,1/31/2022,35.34,37.540001,35.299999,37.400002,37.400002,22899300
UBER,2/1/2022,37.630001,38.705002,37.200001,38.610001,38.610001,19669900
UBER,2/2/2022,38.529999,38.619999,37.029999,37.169998,37.169998,19591100
UBER,2/3/2022,36.080002,36.740002,34.299999,34.540001,34.540001,32192100
UBER,2/4/2022,35,37.355,34.360001,37.049999,37.049999,33082100
UBER,2/7/2022,36.985001,39.049999,36.985001,37.540001,37.540001,30303200
UBER,2/8/2022,37.25,38.57,36.950001,38.34,38.34,25857600
UBER,2/9/2022,38.810001,40.400002,38.16,40.189999,40.189999,52614100
UBER,2/10/2022,41,42.560001,37.349998,37.75,37.75,113915000
UBER,2/11/2022,37.959999,38.650002,34.48,35.290001,35.290001,72568400
UBER,2/14/2022,35.200001,35.990002,34.32,34.59,34.59,44556700
UBER,2/15/2022,35.439999,37.209999,35.110001,37.09,37.09,38183500
UBER,2/16/2022,36.630001,37.389999,36.27,36.580002,36.580002,33165900
UBER,2/17/2022,36.130001,37.43,35.41,35.709999,35.709999,28432100
UBER,2/18/2022,35.52,36.325001,34.669998,34.68,34.68,28199900
UBER,2/22/2022,34.209999,35.099998,33.279999,33.68,33.68,28731300
UBER,2/23/2022,33.889999,34.209999,32.299999,32.389999,32.389999,27254800
UBER,2/24/2022,29.969999,34.950001,29.709999,34.869999,34.869999,42978100
UBER,2/25/2022,34.84,35.271999,34.009998,34.98,34.98,23691500
UBER,2/28/2022,35.259998,36.310001,34.985001,36.029999,36.029999,44865200
UBER,3/1/2022,35.450001,35.599998,33.650002,33.889999,33.889999,31436200
UBER,3/2/2022,34,34.220001,32.970001,34.040001,34.040001,26112500
UBER,3/3/2022,34.220001,34.291,31.415001,31.719999,31.719999,38337600
UBER,3/4/2022,31.5,31.73,29.27,29.83,29.83,52098700
UBER,3/7/2022,31.48,31.938,28.549999,28.57,28.57,60265800
UBER,3/8/2022,28.51,31.57,28.278,30.74,30.74,55014700
UBER,3/9/2022,31.75,32.73,31.200001,31.5,31.5,33734500
UBER,3/10/2022,30.860001,31.145,29.84,30.41,30.41,30785900
UBER,3/11/2022,31.299999,31.389999,30.42,30.76,30.76,29454700
UBER,3/14/2022,30.51,30.549999,28.799999,29.27,29.27,41897400
UBER,3/15/2022,29.52,30.41,29.059999,29.799999,29.799999,33060500
UBER,3/16/2022,30.530001,32.634998,30.27,32.610001,32.610001,34688800
UBER,3/17/2022,32.34,32.919998,31.57,32.849998,32.849998,27278600
UBER,3/18/2022,32.52,33.419998,32.330002,33.360001,33.360001,35827800
UBER,3/21/2022,32.82,32.82,31.25,31.98,31.98,35200600
UBER,3/22/2022,31.93,33.599998,31.84,33.349998,33.349998,21852800
UBER,3/23/2022,32.709999,33.68,32.57,33.060001,33.060001,19024700
UBER,3/24/2022,34.740002,34.950001,33.439999,34.700001,34.700001,52533600
UBER,3/25/2022,34.549999,34.919998,33.549999,34.060001,34.060001,28078800
UBER,3/28/2022,34.139999,34.91,33.73,34.77,34.77,22175200
UBER,3/29/2022,35.57,37.450001,35.57,37.189999,37.189999,37969000
UBER,3/30/2022,36.66,37.089001,36.205002,36.580002,36.580002,22306500
UBER,3/31/2022,36.5,36.73,35.369999,35.68,35.68,20608700
UBER,4/1/2022,35.68,36.48,35.400002,35.98,35.98,16793300
UBER,4/4/2022,36.400002,36.93,36.215,36.509998,36.509998,20217800
UBER,4/5/2022,36.349998,36.610001,34.720001,34.959999,34.959999,20984200
UBER,4/6/2022,33.855,34,32.549999,33.41,33.41,28854800
UBER,4/7/2022,33.34,33.34,31.02,32.27,32.27,34581000
UBER,4/8/2022,31.92,32.550999,31.58,32.049999,32.049999,17991000
UBER,4/11/2022,31.360001,32.689999,31.110001,32.040001,32.040001,19680300
UBER,4/12/2022,32.400002,33.095001,31.709999,31.99,31.99,32619800
UBER,4/13/2022,32,33.110001,31.93,32.630001,32.630001,20186400
UBER,4/14/2022,32.860001,33.465,32.639999,32.68,32.68,18763000
UBER,4/18/2022,32.549999,32.605,31.42,31.790001,31.790001,24413800
UBER,4/19/2022,32.16,33.990002,31.969999,33.799999,33.799999,23319600
UBER,4/20/2022,33.990002,34.32,33.18,33.209999,33.209999,21330500
UBER,4/21/2022,34.25,34.41,31.370001,31.68,31.68,32937100
UBER,4/22/2022,31.620001,32.224998,30.799999,30.83,30.83,22748900
UBER,4/25/2022,30.59,32.5,30.459999,32.439999,32.439999,29416300
UBER,4/26/2022,32.040001,32.200001,31,31.33,31.33,26981900
UBER,4/27/2022,31.1,31.98,30.16,30.68,30.68,30762600
UBER,4/28/2022,31,32.869999,30.98,32.82,32.82,30251600
UBER,4/29/2022,32.52,33.150002,31.41,31.48,31.48,24948600
UBER,5/2/2022,31.24,31.35,29.51,30.389999,30.389999,45651000
UBER,5/3/2022,30.15,30.59,28.85,29.469999,29.469999,58340700
UBER,5/4/2022,27.41,28.4,25.9,28.1,28.1,115601800
UBER,5/5/2022,27.870001,28.83,26.200001,26.83,26.83,52804200
UBER,5/6/2022,26.84,26.84,24.75,26.07,26.07,56575100
UBER,5/9/2022,25.41,26.065001,22.799999,23.049999,23.049999,58095900
UBER,5/10/2022,23.85,24.549999,22.799999,23.67,23.67,47982500
UBER,5/11/2022,23.280001,24.15,22.5,22.57,22.57,51137700
UBER,5/12/2022,22.15,24.059999,21.690001,23.290001,23.290001,63999300
UBER,5/13/2022,23.879999,24.871,23.68,24.389999,24.389999,53577600
UBER,5/16/2022,24.309999,24.459999,23.4,23.59,23.59,27285200
UBER,5/17/2022,24.32,24.9,23.59,24.200001,24.200001,33859400
UBER,5/18/2022,23.98,24.188,22.34,22.459999,22.459999,35747300
UBER,5/19/2022,22.290001,23.809999,22.200001,23.24,23.24,36461200
UBER,5/20/2022,23.809999,24.1,22.41,23.35,23.35,32104700
UBER,5/23/2022,23.32,23.83,22.709999,23.780001,23.780001,35204800
UBER,5/24/2022,23.690001,23.74,21.41,21.549999,21.549999,40726100
UBER,5/25/2022,21.709999,22.355,21.275,22.040001,22.040001,31270800
UBER,5/26/2022,22.15,23.280001,21.924999,23.1,23.1,30199400
UBER,5/27/2022,23.49,24.129999,23.33,23.67,23.67,29710200
UBER,5/31/2022,23.5,23.9,23.034,23.200001,23.200001,33194800
UBER,6/1/2022,23.530001,23.870001,22.565001,22.940001,22.940001,26383600
UBER,6/2/2022,23.07,24.83,22.940001,24.74,24.74,30691100
UBER,6/3/2022,24.17,24.495001,23.725,24.15,24.15,24283600
UBER,6/6/2022,24.860001,25.434999,24.280001,24.73,24.73,29834700
UBER,6/7/2022,24.200001,25.700001,24.07,25.299999,25.299999,27453700
UBER,6/8/2022,25.700001,26.549999,25.299999,25.83,25.83,31225300
UBER,6/9/2022,25.940001,26.690001,25.355,25.440001,25.440001,42063600
UBER,6/10/2022,24.799999,24.971001,23.65,23.719999,23.719999,29868000
UBER,6/13/2022,22.219999,22.584999,21.343,21.57,21.57,33130300
UBER,6/14/2022,21.719999,21.952,20.893999,21.09,21.09,43006300
UBER,6/15/2022,21.34,22.389999,21.24,22.030001,22.030001,36073700
UBER,6/16/2022,21.040001,21.4,20.155001,20.469999,20.469999,55312400
UBER,6/17/2022,20.370001,21.959999,20.370001,21.809999,21.809999,46728400
UBER,6/21/2022,22,22.459999,21.690001,21.76,21.76,35257700
UBER,6/22/2022,21.41,22.209999,21.299999,21.5,21.5,32314400
UBER,6/23/2022,21.629999,22.440001,21.389999,22.370001,22.370001,27010500
UBER,6/24/2022,22.48,23.190001,22.299999,23.030001,23.030001,38140100
UBER,6/27/2022,23.450001,23.639999,22.344999,22.860001,22.860001,27153400
UBER,6/28/2022,22.969999,23.459999,22.040001,22.08,22.08,24350100
UBER,6/29/2022,22.110001,22.15,21.08,21.469999,21.469999,30704800
UBER,6/30/2022,21.110001,21.125999,19.895,20.459999,20.459999,30882500
UBER,7/1/2022,20.700001,21.370001,20.43,21.34,21.34,20693300
UBER,7/5/2022,21.17,22.549999,20.83,22.52,22.52,24500300
UBER,7/6/2022,21.5,22.08,21.32,21.5,21.5,32689400
UBER,7/7/2022,21.639999,22.759001,21.610001,22.74,22.74,23121900
UBER,7/8/2022,22.43,22.959999,21.832001,22.34,22.34,20231300
UBER,7/11/2022,21.950001,22.25,21.139999,21.190001,21.190001,17546900
UBER,7/12/2022,21.280001,21.780001,20.975,21.57,21.57,17373500
UBER,7/13/2022,20.93,21.610001,20.719999,21.5,21.5,18994900
UBER,7/14/2022,21.25,21.465,20.591,20.65,20.65,31561700
UBER,7/15/2022,21,21.780001,20.764999,21.67,21.67,24503600
UBER,7/18/2022,22.17,23.200001,22.110001,22.58,22.58,30935900
UBER,7/19/2022,22.75,23.08,22.190001,22.67,22.67,23148900
UBER,7/20/2022,22.889999,24.219999,22.805,24.120001,24.120001,27844600
UBER,7/21/2022,24.02,24.25,23.6,24.23,24.23,18425400
UBER,7/22/2022,24.33,24.809999,23.084999,23.299999,23.299999,20209400
UBER,7/25/2022,23.27,23.540001,22.629999,23.35,23.35,12923000
UBER,7/26/2022,23.15,23.15,22.450001,22.549999,22.549999,24402800
UBER,7/27/2022,23,23.32,22.49,23.09,23.09,28384300
UBER,7/28/2022,22.889999,23.42,22.139999,23.309999,23.309999,22886100
UBER,7/29/2022,23.18,23.485001,22.389999,23.450001,23.450001,29406600
UBER,8/1/2022,23.43,24.620001,22.885,24.6,24.6,46960700
UBER,8/2/2022,28.49,29.43,27.1,29.25,29.25,107926300
UBER,8/3/2022,29.719999,31.43,29.360001,30.190001,30.190001,62061200
UBER,8/4/2022,29.780001,32.23,29.6,31.85,31.85,55573600
UBER,8/5/2022,31.200001,32.630001,31.040001,32.009998,32.009998,39963600
UBER,8/8/2022,32.330002,32.955002,31.66,31.85,31.85,28064900
UBER,8/9/2022,31.370001,31.549999,30.719999,31.059999,31.059999,27042900
UBER,8/10/2022,32.439999,33.189999,32.23,32.799999,32.799999,31318100
UBER,8/11/2022,33.16,33.360001,32.042,32.240002,32.240002,24624600
UBER,8/12/2022,32.59,32.759998,31.700001,32.470001,32.470001,21950700
UBER,8/15/2022,32.099998,32.91,31.93,32.490002,32.490002,14149200
UBER,8/16/2022,32.080002,32.724998,31.33,32.380001,32.380001,28072300
UBER,8/17/2022,31.65,31.709999,30.440001,30.719999,30.719999,24239400
UBER,8/18/2022,30.559999,30.620001,29.860001,30.15,30.15,20831600
UBER,8/19/2022,29.5,29.57,28.629999,29.01,29.01,24180900
UBER,8/22/2022,28.34,28.805,27.870001,28,28,20233100
UBER,8/23/2022,28.059999,28.674999,27.75,27.809999,27.809999,24298300
UBER,8/24/2022,27.93,29.219999,27.85,28.709999,28.709999,20022500
UBER,8/25/2022,28.889999,29.639999,28.809999,29.620001,29.620001,15470900
UBER,8/26/2022,29.51,29.709999,28.360001,28.58,28.58,16490800
UBER,8/29/2022,28.1,29.190001,28.059999,28.74,28.74,17245100
UBER,8/30/2022,29.18,29.290001,28.120001,28.709999,28.709999,24409300
UBER,8/31/2022,29.110001,29.879999,28.75,28.76,28.76,20740700
UBER,9/1/2022,28.17,28.950001,27.690001,28.92,28.92,17828100
UBER,9/2/2022,29.5,29.635,28.65,29.049999,29.049999,14604400
UBER,9/6/2022,29.34,29.370001,28.280001,28.889999,28.889999,20422800
UBER,9/7/2022,28.91,30.15,28.82,30.030001,30.030001,20632200
UBER,9/8/2022,29.42,30.9,29.290001,30.68,30.68,29393500
UBER,9/9/2022,31,32.049999,30.889999,31.780001,31.780001,28055900
UBER,9/12/2022,31.950001,32.619999,31.85,32.5,32.5,29349900
UBER,9/13/2022,30.690001,31.780001,30.219999,31.32,31.32,29364700
UBER,9/14/2022,31.25,33.139999,31.1,33.049999,33.049999,34493400
UBER,9/15/2022,32.950001,34.325001,32.740002,33.130001,33.130001,41849100
UBER,9/16/2022,30.959999,32.145,30.879999,31.93,31.93,50970700
UBER,9/19/2022,31.440001,31.98,31.059999,31.49,31.49,22867600
UBER,9/20/2022,31.49,32.560001,31.190001,31.49,31.49,23652400
UBER,9/21/2022,31.450001,31.674999,30.35,30.469999,30.469999,22328400
UBER,9/22/2022,30.190001,30.190001,28.530001,28.58,28.58,29038100
UBER,9/23/2022,28.01,28.34,27.360001,27.82,27.82,26472600
UBER,9/26/2022,27.709999,28.16,26.82,26.889999,26.889999,24953800
UBER,9/27/2022,27.67,28.49,27.16,27.57,27.57,22392800
UBER,9/28/2022,27.43,28.16,27.190001,28.040001,28.040001,21290400
UBER,9/29/2022,27.66,27.719999,26,26.42,26.42,26160700
UBER,9/30/2022,26.16,27.309999,26.16,26.5,26.5,23894900
UBER,10/3/2022,26.76,26.9,25.959999,26.719999,26.719999,19940800
UBER,10/4/2022,27.625,29.25,27.6,29.190001,29.190001,25462200
UBER,10/5/2022,28.48,29.65,28.309999,29.18,29.18,21458500
UBER,10/6/2022,29.200001,30.24,28.959999,29.73,29.73,25399500
UBER,10/7/2022,28.83,28.860001,27.92,28.07,28.07,19690200
UBER,10/10/2022,28.24,28.450001,27.23,27.530001,27.530001,13413500
UBER,10/11/2022,25.545,26.049999,22.940001,24.66,24.66,92468800
UBER,10/12/2022,25.049999,26.115,24.559999,25.98,25.98,30945900
UBER,10/13/2022,24.469999,26.025,24.190001,25,25,32838500
UBER,10/14/2022,25.65,26.07,24.66,24.709999,24.709999,22540000
UBER,10/17/2022,25.26,26.264999,25.08,25.940001,25.940001,25074900
UBER,10/18/2022,27.07,27.709999,26.495001,27.610001,27.610001,25643300
UBER,10/19/2022,27.059999,27.73,26.85,27.530001,27.530001,15428500
UBER,10/20/2022,27.32,28.68,27.24,27.870001,27.870001,20835300
UBER,10/21/2022,27.5,28.434999,27.16,28.02,28.02,20651600
UBER,10/24/2022,27.709999,27.98,26.51,27.65,27.65,19194200
UBER,10/25/2022,28,28.545,27.33,28.360001,28.360001,17366400
UBER,10/26/2022,28.17,28.98,27.865,28.200001,28.200001,17315900
UBER,10/27/2022,28.4,28.76,27.66,27.82,27.82,16768600
UBER,10/28/2022,27.809999,27.879999,26.49,27.5,27.5,27116700
UBER,10/31/2022,27.610001,27.73,26.299999,26.57,26.57,37327000
UBER,11/1/2022,30.07,31,29.120001,29.75,29.75,87994000
UBER,11/2/2022,29.57,30.16,28.629999,28.809999,28.809999,37083500
UBER,11/3/2022,28.030001,29.52,27.709999,28.73,28.73,28033200
UBER,11/4/2022,29.440001,29.725,28.040001,28.389999,28.389999,22304200
UBER,11/7/2022,28.705,28.825001,27.615,27.690001,27.690001,19204100
UBER,11/8/2022,27.57,28.33,26.82,27.440001,27.440001,27033900
UBER,11/9/2022,27.309999,28.004999,26.440001,26.549999,26.549999,21186300
UBER,11/10/2022,28.379999,29.32,28.1,28.85,28.85,35196900
UBER,11/11/2022,28.950001,30.434999,28.700001,29.15,29.15,35861100
UBER,11/14/2022,28.85,29.700001,28.790001,29.07,29.07,24426200
UBER,11/15/2022,30.25,31.815001,30,31.57,31.57,43066500
UBER,11/16/2022,30.950001,31.16,29.83,30.040001,30.040001,26540200
UBER,11/17/2022,29.1,29.5,28.4,28.879999,28.879999,22684100
UBER,11/18/2022,29.209999,29.405001,28.700001,28.959999,28.959999,15676300
UBER,11/21/2022,28.52,28.709999,28.01,28.25,28.25,16159400
UBER,11/22/2022,28.27,28.33,27.312,28.08,28.08,20368600
UBER,11/23/2022,28.360001,28.940001,28.139999,28.790001,28.790001,12964900
UBER,11/25/2022,28.709999,28.879999,28.24,28.5,28.5,5200400
UBER,11/28/2022,28.110001,28.655001,27.73,27.76,27.76,11120000
UBER,11/29/2022,28.049999,28.23,27.58,27.76,27.76,15007800
UBER,11/30/2022,27.799999,29.139999,27.639999,29.139999,29.139999,18177000
UBER,12/1/2022,29.219999,29.6,28.299999,28.34,28.34,18066600
UBER,12/2/2022,27.379999,28.780001,27.190001,28.75,28.75,15980500
UBER,12/5/2022,28.41,28.860001,27.65,27.700001,27.700001,17486300
UBER,12/6/2022,27.700001,27.860001,26.700001,26.92,26.92,19772900
UBER,12/7/2022,26.610001,26.870001,26.02,26.4,26.4,21193900
UBER,12/8/2022,26.52,27.030001,26.275999,26.450001,26.450001,14909600
UBER,12/9/2022,26.4,26.959999,26.24,26.549999,26.549999,14253500
UBER,12/12/2022,26.42,27.23,26.110001,27.030001,27.030001,16483600
UBER,12/13/2022,28.030001,28.455,26.91,26.98,26.98,27635400
UBER,12/14/2022,27.07,27.82,26.77,27.469999,27.469999,19427300
UBER,12/15/2022,26.98,27.110001,25.879999,26.24,26.24,19377800
UBER,12/16/2022,26.059999,26.450001,25.66,25.969999,25.969999,22684200
UBER,12/19/2022,26.02,26.02,24.690001,24.950001,24.950001,35616100
UBER,12/20/2022,24.719999,25.280001,24.610001,24.959999,24.959999,28536500
UBER,12/21/2022,25.15,25.67,24.871,25.360001,25.360001,20444500
UBER,12/22/2022,24.93,25.1,24.042,24.639999,24.639999,23752700
UBER,12/23/2022,24.459999,24.725,24.162001,24.639999,24.639999,11610000
UBER,12/27/2022,24.290001,24.700001,23.9,24.4,24.4,15258600
UBER,12/28/2022,24.209999,24.719999,24.02,24.59,24.59,15669200
UBER,12/29/2022,24.75,25.375,24.290001,24.91,24.91,17828300
UBER,12/30/2022,24.42,24.85,24.24,24.73,24.73,20422500
UBER,1/3/2023,25.370001,25.75,25.02,25.360001,25.360001,22155300
UBER,1/4/2023,25.73,25.969999,25.32,25.91,25.91,14816000
UBER,1/5/2023,25.73,26.01,25.549999,25.549999,25.549999,9942000
UBER,1/6/2023,25.860001,26.540001,25.4,26.4,26.4,19440200
UBER,1/9/2023,27.299999,28.049999,27.15,27.4,27.4,24962100
UBER,1/10/2023,27.4,28.25,27.15,28.040001,28.040001,15413700
UBER,1/11/2023,28.24,28.52,27.92,28.35,28.35,15421700
UBER,1/12/2023,28.85,29.184999,28.200001,29.030001,29.030001,17513400
UBER,1/13/2023,28.68,29.5,28.66,29.440001,29.440001,16933700
ZM,1/18/2022,156.324005,162.979996,156,157.699997,157.699997,4360900
ZM,1/19/2022,158.649994,162.990005,156.940002,157.229996,157.229996,3305200
ZM,1/20/2022,159.550003,163.479996,155.649994,155.809998,155.809998,3710700
ZM,1/21/2022,153.979996,156.910004,147.110001,147.660004,147.660004,5722600
ZM,1/24/2022,141.679993,153.240005,138.910004,152.949997,152.949997,8231800
ZM,1/25/2022,150,152.139999,142.119995,145.889999,145.889999,5122200
ZM,1/26/2022,150.028,152,138.889999,140.330002,140.330002,4888300
ZM,1/27/2022,143.600006,143.809998,136.169998,136.809998,136.809998,3572600
ZM,1/28/2022,137.580002,143.889999,134.699997,143.809998,143.809998,3682700
ZM,1/31/2022,146.669998,154.339996,145.899994,154.279999,154.279999,4960900
ZM,2/1/2022,155.229996,155.949997,150.070007,155.679993,155.679993,3316000
ZM,2/2/2022,155.789993,156.050003,146.580002,148.110001,148.110001,3063400
ZM,2/3/2022,144.072006,146.449997,137.350006,137.940002,137.940002,3356000
ZM,2/4/2022,139.300003,145.210007,136.919998,144.100006,144.100006,3457900
ZM,2/7/2022,144.589996,147.479996,139.779999,141.440002,141.440002,2531100
ZM,2/8/2022,139.360001,143.190002,137.279999,142.690002,142.690002,2565100
ZM,2/9/2022,146.490005,149.809998,143.899994,149.600006,149.600006,3067100
ZM,2/10/2022,145.779999,152.690002,144.289993,145.720001,145.720001,3348800
ZM,2/11/2022,146.964996,150.479996,140.160004,141.240005,141.240005,2690400
ZM,2/14/2022,142.419998,147.740005,141.110001,142.089996,142.089996,2538900
ZM,2/15/2022,144.440002,147.145004,141.100006,146.899994,146.899994,3043800
ZM,2/16/2022,144.490005,144.690002,136.395004,138.509995,138.509995,3928900
ZM,2/17/2022,137.630005,137.735001,128.929993,129.380005,129.380005,4944700
ZM,2/18/2022,130.130005,131.940002,124.709999,126.959999,126.959999,5435000
ZM,2/22/2022,125.055,130.729996,124.980003,126.610001,126.610001,4446000
ZM,2/23/2022,127.989998,128.149994,120.099998,120.099998,120.099998,4634700
ZM,2/24/2022,114.739998,128.740005,114.260002,126.970001,126.970001,6998500
ZM,2/25/2022,129.050003,129.059998,120.019997,125.32,125.32,5242600
ZM,2/28/2022,126.790001,135.089996,125.099998,132.600006,132.600006,12033100
ZM,3/1/2022,128.570007,136,122.129997,122.779999,122.779999,11541600
ZM,3/2/2022,122.25,122.889999,114.519997,121.610001,121.610001,7224300
ZM,3/3/2022,122,122.059998,111.949997,113.110001,113.110001,6211500
ZM,3/4/2022,114.099998,116.190002,108.43,108.940002,108.940002,6219300
ZM,3/7/2022,111.129997,115.239998,107.720001,107.879997,107.879997,6240200
ZM,3/8/2022,106.669998,114.290001,105,108.489998,108.489998,5581800
ZM,3/9/2022,111.839996,111.839996,108.059998,109.080002,109.080002,6427500
ZM,3/10/2022,105.834999,106.900002,101.055,103.330002,103.330002,5030800
ZM,3/11/2022,103.480003,103.489998,97.900002,98.120003,98.120003,6454600
ZM,3/14/2022,97.5,102.160004,94.510002,94.639999,94.639999,6715700
ZM,3/15/2022,96.089996,100.595001,95.260002,98.970001,98.970001,7001700
ZM,3/16/2022,100.550003,106.879997,100.169998,106.839996,106.839996,8003000
ZM,3/17/2022,106.459999,111.330002,105,111.290001,111.290001,4967500
ZM,3/18/2022,109.489998,117.839996,109.209999,116.279999,116.279999,8521800
ZM,3/21/2022,115.010002,119.889999,113.349998,116.870003,116.870003,5941500
ZM,3/22/2022,116.010002,122.239998,115.400002,119.800003,119.800003,5003100
ZM,3/23/2022,117.214996,120.269997,115.949997,116.809998,116.809998,3443300
ZM,3/24/2022,117.349998,117.779999,113.970001,117.75,117.75,3332000
ZM,3/25/2022,117.129997,117.580002,112.449997,113.93,113.93,4209400
ZM,3/28/2022,114.870003,118.309998,113.629997,117.449997,117.449997,3289300
ZM,3/29/2022,119.976997,126.529999,119.976997,126.260002,126.260002,4757100
ZM,3/30/2022,124.260002,127.370003,121.230003,122.389999,122.389999,3987800
ZM,3/31/2022,122.75,122.809998,117.160004,117.230003,117.230003,2903100
ZM,4/1/2022,117.559998,120.496002,116.110001,118.019997,118.019997,2793300
ZM,4/4/2022,119.389999,124.989998,118.330002,124.279999,124.279999,3077400
ZM,4/5/2022,123.919998,126.440002,120.43,122.019997,122.019997,4906500
ZM,4/6/2022,118.029999,118.559998,113.339996,116.089996,116.089996,5161500
ZM,4/7/2022,115.139999,118.120003,111.330002,114.32,114.32,3498000
ZM,4/8/2022,112.370003,113.269997,109.388,110.900002,110.900002,3953300
ZM,4/11/2022,107.910004,111.110001,106.412003,109.050003,109.050003,3902800
ZM,4/12/2022,111.690002,114.699997,106.239998,106.580002,106.580002,3249600
ZM,4/13/2022,106.300003,115.824997,105.160004,114.889999,114.889999,4677800
ZM,4/14/2022,114.660004,114.660004,110.139999,110.309998,110.309998,4499600
ZM,4/18/2022,109.730003,109.93,103.620003,105.739998,105.739998,4152500
ZM,4/19/2022,105.440002,112.330002,104.074997,111.18,111.18,3289400
ZM,4/20/2022,109.529999,109.910004,103.400002,103.699997,103.699997,4512100
ZM,4/21/2022,105.199997,108.489998,100.550003,100.949997,100.949997,4395300
ZM,4/22/2022,101.154999,104.989998,99.300003,100.169998,100.169998,3784400
ZM,4/25/2022,99.510002,103.089996,98.900002,102.440002,102.440002,2724200
ZM,4/26/2022,100.75,101.68,96,98.360001,98.360001,3786000
ZM,4/27/2022,97.690002,102.040001,97.296997,97.620003,97.620003,3522700
ZM,4/28/2022,98.099998,103.919998,95.720001,102.559998,102.559998,3585200
ZM,4/29/2022,102.669998,107.839996,99.394997,99.57,99.57,3609000
ZM,5/2/2022,99.150002,105.080002,98.169998,104.790001,104.790001,3164700
ZM,5/3/2022,104.110001,106.989998,102.129997,103.529999,103.529999,2103200
ZM,5/4/2022,103.959999,109.339996,99.300003,108.980003,108.980003,3751000
ZM,5/5/2022,107.129997,107.360001,99.32,100.839996,100.839996,3661600
ZM,5/6/2022,100.489998,102.029999,94.010002,96.379997,96.379997,4635500
ZM,5/9/2022,94.050003,96.830002,91.650002,92.339996,92.339996,5766300
ZM,5/10/2022,95.599998,98.07,87.339996,90.68,90.68,6315100
ZM,5/11/2022,88.93,94.160004,84.169998,84.800003,84.800003,6182600
ZM,5/12/2022,81.129997,87.790001,79.029999,84.970001,84.970001,7178800
ZM,5/13/2022,88.720001,95.627998,88.253998,94.839996,94.839996,5687600
ZM,5/16/2022,93.43,95.830002,88.660004,88.919998,88.919998,4501300
ZM,5/17/2022,91.360001,95.099998,86.408997,90.940002,90.940002,4208800
ZM,5/18/2022,88.68,91.110001,84.040001,84.690002,84.690002,3854200
ZM,5/19/2022,85.739998,93.489998,84.684998,90.940002,90.940002,4746900
ZM,5/20/2022,92.620003,94.849998,85.550003,89.739998,89.739998,4741400
ZM,5/23/2022,89.870003,90.25,85.57,89.330002,89.330002,11240300
ZM,5/24/2022,94.559998,97.089996,87.330002,94.339996,94.339996,27414900
ZM,5/25/2022,94.139999,104.265999,94,102.339996,102.339996,13892000
ZM,5/26/2022,101.894997,108.169998,101.769997,107,107,10633600
ZM,5/27/2022,108,111.239998,105.550003,110.419998,110.419998,7097100
ZM,5/31/2022,112.639999,112.870003,105.580002,107.449997,107.449997,5930200
ZM,6/1/2022,107.959999,110.889999,104.919998,107.650002,107.650002,4700800
ZM,6/2/2022,107.43,114.080002,107.029999,112.239998,112.239998,4985900
ZM,6/3/2022,109.660004,111.800003,107.300003,109.419998,109.419998,3882100
ZM,6/6/2022,112.330002,112.910004,108.510002,111.010002,111.010002,2867500
ZM,6/7/2022,110.5,115.32,109.050003,115.040001,115.040001,3951900
ZM,6/8/2022,115.400002,116.900002,113.160004,115.459999,115.459999,3583900
ZM,6/9/2022,112.169998,116.169998,110.339996,110.400002,110.400002,4302600
ZM,6/10/2022,106.933998,110.989998,106.120003,109.07,109.07,5768900
ZM,6/13/2022,102.82,106.379997,102.120003,103.32,103.32,7183900
ZM,6/14/2022,103.900002,109.849998,103.779999,106.860001,106.860001,6815000
ZM,6/15/2022,107.5,114.730003,106.129997,112.93,112.93,5954500
ZM,6/16/2022,108.099998,109.650002,104.150002,106.089996,106.089996,4714600
ZM,6/17/2022,107.095001,111.919998,106.392998,110,110,6143400
ZM,6/21/2022,112.150002,117.370003,110.860001,113.82,113.82,6176200
ZM,6/22/2022,112.029999,119.529999,111.769997,115.169998,115.169998,5481800
ZM,6/23/2022,116.239998,118.400002,110.669998,117.669998,117.669998,5464400
ZM,6/24/2022,118.809998,122.989998,118.120003,122.639999,122.639999,12212800
ZM,6/27/2022,122.480003,123.730003,117.68,119.82,119.82,3457200
ZM,6/28/2022,119.82,122.084999,112.860001,113.129997,113.129997,3692500
ZM,6/29/2022,112.93,113.720001,110.040001,111.870003,111.870003,2711800
ZM,6/30/2022,110,111,104.779999,107.970001,107.970001,4249600
ZM,7/1/2022,108.769997,111.978996,106.830002,110.970001,110.970001,2800300
ZM,7/5/2022,110.559998,120.75,108.410004,120.419998,120.419998,5310000
ZM,7/6/2022,120.68,123.959999,116.57,117.059998,117.059998,4198100
ZM,7/7/2022,116.5,121.260002,116.330002,120.739998,120.739998,3036600
ZM,7/8/2022,118.620003,124.050003,117.660004,119.800003,119.800003,3261700
ZM,7/11/2022,117.160004,117.540001,107.730003,108.379997,108.379997,5461800
ZM,7/12/2022,109.790001,113.599998,106.910004,107.989998,107.989998,4205100
ZM,7/13/2022,103.635002,105.400002,99.800003,101.010002,101.010002,7903000
ZM,7/14/2022,101.349998,101.440002,96.839996,97.349998,97.349998,5552600
ZM,7/15/2022,97.860001,99.970001,96.110001,99.849998,99.849998,4714400
ZM,7/18/2022,101.980003,102.18,98.489998,98.919998,98.919998,6516500
ZM,7/19/2022,100.400002,102.219002,97.650002,102.080002,102.080002,2829500
ZM,7/20/2022,103.489998,109.870003,103.375,107.089996,107.089996,4298100
ZM,7/21/2022,107.5,111.269997,107.300003,110.849998,110.849998,2982100
ZM,7/22/2022,111,112.949997,105.690002,106.550003,106.550003,2656800
ZM,7/25/2022,106.389999,106.959999,103.910004,106.099998,106.099998,2039800
ZM,7/26/2022,105.029999,105.129997,100.010002,100.330002,100.330002,2878200
ZM,7/27/2022,102.160004,106.459999,100.550003,105.910004,105.910004,3182800
ZM,7/28/2022,104.459999,106.902,100.809998,106.220001,106.220001,2380000
ZM,7/29/2022,105.485001,105.485001,101.010002,103.860001,103.860001,3975900
ZM,8/1/2022,103.379997,107.919998,101.849998,105.389999,105.389999,2386200
ZM,8/2/2022,103.040001,109.980003,102.900002,108.160004,108.160004,2519900
ZM,8/3/2022,109.309998,114,109.220001,112.970001,112.970001,2653500
ZM,8/4/2022,114.07,115,110.139999,112.860001,112.860001,2149800
ZM,8/5/2022,110,114.32,108.739998,113.849998,113.849998,2639900
ZM,8/8/2022,114.769997,119.82,113.82,114.739998,114.739998,2832500
ZM,8/9/2022,111.779999,112.804001,104.910004,105.290001,105.290001,5822800
ZM,8/10/2022,111.349998,112.419998,108.800003,112.010002,112.010002,3756600
ZM,8/11/2022,114,114.989998,107.239998,108.059998,108.059998,4067800
ZM,8/12/2022,109.410004,110.089996,107.279999,109.519997,109.519997,2488900
ZM,8/15/2022,109.410004,113.790001,108.349998,113.230003,113.230003,2737400
ZM,8/16/2022,107.815002,109.93,103.32,109.190002,109.190002,7520100
ZM,8/17/2022,106.220001,107.349998,102.019997,102.379997,102.379997,4257200
ZM,8/18/2022,101.760002,104.57,100.639999,103.18,103.18,3091700
ZM,8/19/2022,100.900002,102.150002,98.800003,99.5,99.5,3747900
ZM,8/22/2022,98.199997,100.139999,96.480003,97.440002,97.440002,8274100
ZM,8/23/2022,84.559998,87.589996,81.129997,81.32,81.32,31475400
ZM,8/24/2022,81.639999,85.07,80.5,83.610001,83.610001,11133300
ZM,8/25/2022,83.599998,85.760002,82.43,85.720001,85.720001,5409700
ZM,8/26/2022,84.150002,85.019997,80.279999,81.410004,81.410004,5927400
ZM,8/29/2022,80.370003,82.949997,80.120003,81,81,5211000
ZM,8/30/2022,82,82.75,79.82,81.419998,81.419998,4142500
ZM,8/31/2022,82.968002,83.470001,79.339996,80.400002,80.400002,4838000
ZM,9/1/2022,79.290001,81.239998,77.790001,81.139999,81.139999,6795400
ZM,9/2/2022,82.010002,83.309998,80.050003,80.790001,80.790001,4570900
ZM,9/6/2022,80.559998,81.080002,79.57,80.019997,80.019997,3576100
ZM,9/7/2022,79.959999,81.360001,79.339996,81.019997,81.019997,4329600
ZM,9/8/2022,80.239998,81.470001,79.400002,80.230003,80.230003,3674700
ZM,9/9/2022,81.589996,83.699997,81.540001,82.620003,82.620003,3964000
ZM,9/12/2022,82.43,84.779999,82.43,84.080002,84.080002,3928900
ZM,9/13/2022,80,80.150002,78.620003,78.860001,78.860001,4654500
ZM,9/14/2022,78.860001,80.410004,77.93,79.589996,79.589996,4196500
ZM,9/15/2022,78.639999,81.970001,78.260002,80.209999,80.209999,4247500
ZM,9/16/2022,78.139999,79.230003,77.330002,78.68,78.68,6150700
ZM,9/19/2022,78.059998,79,76.75,78.32,78.32,4515000
ZM,9/20/2022,77.449997,78.839996,76.760002,77.089996,77.089996,3157800
ZM,9/21/2022,77.830002,78.830002,75.32,75.940002,75.940002,3274100
ZM,9/22/2022,75,75.769997,74.330002,74.540001,74.540001,4116200
ZM,9/23/2022,74.160004,74.949997,73.320999,74.449997,74.449997,3944700
ZM,9/26/2022,74.82,76.870003,73.239998,73.330002,73.330002,3068800
ZM,9/27/2022,74.900002,75.989998,72.959999,74.260002,74.260002,3576500
ZM,9/28/2022,74.309998,76.224998,74.050003,75.889999,75.889999,2856700
ZM,9/29/2022,74.269997,75.220001,73.599998,74.470001,74.470001,2930400
ZM,9/30/2022,74.599998,76.25,73.480003,73.589996,73.589996,3539700
ZM,10/3/2022,73.910004,74.870003,71.690002,73.940002,73.940002,4182000
ZM,10/4/2022,75.830002,78.449997,75.734001,77.540001,77.540001,4703000
ZM,10/5/2022,75.580002,77.870003,74.959999,77.519997,77.519997,2604500
ZM,10/6/2022,77.730003,79,76.959999,78.349998,78.349998,2185800
ZM,10/7/2022,75.639999,78.330002,75.360001,76.589996,76.589996,4464200
ZM,10/10/2022,75.989998,76.195999,72.290001,73.720001,73.720001,4777500
ZM,10/11/2022,71.459999,74.550003,70.434998,73.709999,73.709999,5389700
ZM,10/12/2022,74.290001,76.550003,73.400002,75.220001,75.220001,3941000
ZM,10/13/2022,71.650002,75.419998,71.650002,74.730003,74.730003,5754500
ZM,10/14/2022,75.75,76.900002,72.139999,72.290001,72.290001,2830800
ZM,10/17/2022,75.064003,77.43,74.510002,76.690002,76.690002,3431600
ZM,10/18/2022,79.519997,80.779999,77.330002,78.230003,78.230003,3539400
ZM,10/19/2022,77.519997,78.040001,75.589996,76.330002,76.330002,1955800
ZM,10/20/2022,76.669998,81.5,76.580002,79.959999,79.959999,4156900
ZM,10/21/2022,79.639999,81.099998,77.599998,80.980003,80.980003,3312100
ZM,10/24/2022,80.400002,80.660004,78.18,80.610001,80.610001,2731600
ZM,10/25/2022,81.540001,84.129997,81.459999,84.089996,84.089996,2992300
ZM,10/26/2022,82.349998,85.459999,82.190002,83.370003,83.370003,2599700
ZM,10/27/2022,83.68,85.029999,82.470001,82.610001,82.610001,2579400
ZM,10/28/2022,81.735001,84.245003,81.32,84.209999,84.209999,2370800
ZM,10/31/2022,83.690002,84.574997,82.339996,83.440002,83.440002,1908600
ZM,11/1/2022,85.5,86.309998,82.790001,82.889999,82.889999,1834900
ZM,11/2/2022,83.279999,84.360001,78.589996,78.599998,78.599998,3381000
ZM,11/3/2022,77.800003,81.230003,77.230003,78.389999,78.389999,3156400
ZM,11/4/2022,79.440002,79.739998,75.834999,77.459999,77.459999,3969300
ZM,11/7/2022,78.07,80.32,77.260002,79.610001,79.610001,3317800
ZM,11/8/2022,80.220001,81.934998,78.010002,78.309998,78.309998,3987100
ZM,11/9/2022,77.529999,77.529999,70.919998,71.839996,71.839996,6019800
ZM,11/10/2022,76.870003,82.349998,76.75,82.230003,82.230003,4908600
ZM,11/11/2022,81.459999,89.669998,80.050003,88.32,88.32,5906400
ZM,11/14/2022,86.720001,87.989998,84.209999,84.349998,84.349998,2883600
ZM,11/15/2022,88.25,89.370003,85.720001,87.440002,87.440002,2776500
ZM,11/16/2022,85.059998,85.230003,83.129997,83.5,83.5,2709400
ZM,11/17/2022,81.199997,83.209999,80.339996,82.589996,82.589996,2284100
ZM,11/18/2022,83.339996,83.605003,80.139999,81.639999,81.639999,3125300
ZM,11/21/2022,81.209999,82.517998,79.769997,80.260002,80.260002,7234000
ZM,11/22/2022,75.18,77.440002,71.900002,77.150002,77.150002,15729400
ZM,11/23/2022,76.139999,77.279999,74.849998,76.139999,76.139999,4938100
ZM,11/25/2022,75.309998,76.989998,74.830002,75.400002,75.400002,2658000
ZM,11/28/2022,74.720001,76.5,71.300003,71.589996,71.589996,6245400
ZM,11/29/2022,71.660004,72.620003,70.290001,70.57,70.57,4879300
ZM,11/30/2022,70.760002,75.440002,69.540001,75.43,75.43,6213800
ZM,12/1/2022,75.889999,81.690002,75.858002,77.43,77.43,4777700
ZM,12/2/2022,74.580002,76.360001,73.849998,74.309998,74.309998,3296300
ZM,12/5/2022,74.260002,75.220001,72.540001,72.900002,72.900002,2942800
ZM,12/6/2022,72.790001,73,70.879997,71.470001,71.470001,2661100
ZM,12/7/2022,71.25,71.464996,69.740997,69.870003,69.870003,3422100
ZM,12/8/2022,70.120003,72.410004,68.879997,72.360001,72.360001,3056300
ZM,12/9/2022,72.330002,73.739998,71.853996,72.160004,72.160004,2185200
ZM,12/12/2022,70.910004,73.720001,70.110001,73.690002,73.690002,2836900
ZM,12/13/2022,77.529999,79.379997,73.010002,74.050003,74.050003,4017800
ZM,12/14/2022,73.650002,75.080002,72.029999,73.220001,73.220001,3570300
ZM,12/15/2022,71.68,72.309998,69.809998,70.199997,70.199997,3700700
ZM,12/16/2022,69.82,70.790001,69.550003,69.860001,69.860001,4695600
ZM,12/19/2022,69.410004,70.25,68.849998,69.089996,69.089996,3182500
ZM,12/20/2022,68.449997,70.339996,67.919998,68.559998,68.559998,2936000
ZM,12/21/2022,68.709999,70.961998,67.879997,69.93,69.93,3254100
ZM,12/22/2022,68.370003,68.582001,64.830002,65.940002,65.940002,4180100
ZM,12/23/2022,65.610001,66.660004,65.010002,65.889999,65.889999,2209200
ZM,12/27/2022,64.75,66.18,63.549999,65.459999,65.459999,3581800
ZM,12/28/2022,65.25,66.849998,64.769997,65.360001,65.360001,2311200
ZM,12/29/2022,66.279999,68.349998,66.18,68,68,2135300
ZM,12/30/2022,66.550003,67.82,66.360001,67.739998,67.739998,1864200
ZM,1/3/2023,69.010002,69.330002,66.160004,66.660004,66.660004,2797600
ZM,1/4/2023,67.620003,68.010002,65.879997,67.650002,67.650002,3209600
ZM,1/5/2023,66.800003,67.120003,64.93,65.620003,65.620003,2040100
ZM,1/6/2023,65.970001,69.900002,65.599998,69.510002,69.510002,4078300
ZM,1/9/2023,69.809998,72.171997,68.574997,70.080002,70.080002,3403000
ZM,1/10/2023,69.540001,71.239998,69.529999,70.860001,70.860001,1851200
ZM,1/11/2023,70.980003,71.370003,68.699997,70.010002,70.010002,3343500
ZM,1/12/2023,69.830002,70.029999,67.629997,69.910004,69.910004,3177700
ZM,1/13/2023,69.089996,70.599998,68.629997,69.489998,69.489998,2342400
